date,sender_id,message,channel,cleaned_message
5/29/2025 8:30,,"✅High Standard Clothing 
Made in Turkey 
Master Quality Only in our Shop 
Price 2,500birr  😍🔥🔥
Size# 31,32,32,34,35,36
🔴FREE DELIVERY(ያሉበት ቦታ ያለተጨማሪ ክፍያ እናደርሳለን🏍)
🔴ለሱቅና ብዛት ተረካቢዎች ባስተያየት
📶0977808897
🔻🔻🔻 @Naty_boy 
አድራሻችን- ቄራ ሶፊያ ሞል ሁለተኛ ፎቅ ሱ.ቁ 216",@aradabrand2,ያሉበት ቦታ ያለተጨማሪ ክፍያ እናደርሳለን ለሱቅና ብዛት ተረካቢዎች ባስተያየት አድራሻችን ቄራ ሶፊያ ሞል ሁለተኛ ፎቅ ሱቁ
6/19/2025 10:18,,"🍊🍊🍊🍎🍎🍎🍋🍋🍋🍇🍇🍇
❇️ Manual Hand Press Fruit Juicer",@AwasMart,
6/19/2025 10:18,,"🍊🍊🍊🍎🍎🍎🍋🍋🍋🍇🍇🍇
❇️ Manual Hand Press Fruit Juicer

 🔰Safe 
🔰Quick 
🔰Super Easy to Clean and 
🔰Effective Juicing

ዋጋ💵፦  💰 1,000 ብር

💬በቴሌግራም ለማዘዝ @wamrt1
                                   @wamrt2
📍አድራሻችን:-
1️⃣.📌መገናኛ ኪኔሬት ሕንፃ 1ኛ ፎቅ ቁ. 101 (ዋአች ሕንፃ ፊትለፊት ንግድ ባንክ እና ጎህ ቤቶች ባንክ ያሉበት) 

2️⃣.📌 ሜክሲኮ አልሳም አፓርታማ ግራውንድ ቁ. 29

3️⃣.📌 ቦሌ መድሐኔዓለም ቦሌ መሰናዶ ት/ቤት ፊትለፊት አለምነሽ ፕላዛ ግራውንድ ሱቅ ቁጥር 05 

📻(+251941661030 / +251943190237)

👍ለወዳጅዎ ስላጋሩ እናመሠግናለን ☺️

🤪 ቴሌግራም ቻናል t.me/AwasMart

📌📌📌📌📌📌📌📌📌📌📌",@AwasMart,ዋጋ፦ ብር በቴሌግራም ለማዘዝ አድራሻችን መገናኛ ኪኔሬት ሕንፃ ኛ ፎቅ ቁ ዋአች ሕንፃ ፊትለፊት ንግድ ባንክ እና ጎህ ቤቶች ባንክ ያሉበት ሜክሲኮ አልሳም አፓርታማ ግራውንድ ቁ ቦሌ መድሐኔዓለም ቦሌ መሰናዶ ትቤት ፊትለፊት አለምነሽ ፕላዛ ግራውንድ ሱቅ ቁጥር ለወዳጅዎ ስላጋሩ እናመሠግናለን ቴሌግራም ቻናል
6/18/2025 9:28,,"❇️ Brother Impulse sealer for PP/PE bags

👉Size:- 400mm

       ዋጋ💵፦  💰 4,000 ብር

💬በቴሌግራም ለማዘዝ @wamrt1
                                   @wamrt2
📍አድራሻችን:-
1️⃣.📌 ሜክሲኮ አልሳም አፓርታማ ግራውንድ ቁ. 29

2️⃣.📌 ቦሌ መድሐኔዓለም ቦሌ መሰናዶ ት/ቤት ፊትለፊት አለምነሽ ፕላዛ ግራውንድ ሱቅ ቁጥር 05 

📻(+251941661030 / +251943190237)

👍ለወዳጅዎ ስላጋሩ እናመሠግናለን ☺️

🤪 ቴሌግራም ቻናል t.me/AwasMart

📌📌📌📌📌📌📌📌📌📌📌",@AwasMart,ዋጋ፦ ብር በቴሌግራም ለማዘዝ አድራሻችን ሜክሲኮ አልሳም አፓርታማ ግራውንድ ቁ ቦሌ መድሐኔዓለም ቦሌ መሰናዶ ትቤት ፊትለፊት አለምነሽ ፕላዛ ግራውንድ ሱቅ ቁጥር ለወዳጅዎ ስላጋሩ እናመሠግናለን ቴሌግራም ቻናል
6/16/2025 9:26,,"👼👼👼👼👼👼👼👼👼👼👶👶
❇️BABY SWADDLING BLANKETS

የጨቅላ ህፃናት ማቀፊያና ማስተኛ ብርድ ልብስ
👉 አዲስ ለተወለዱ እና  እስከ 6ወር ላሉ ህፃናት የሚሆን
👉 በጣም ወፍራም ለስላሳ
👉 ህፃናት እና እናቶች የሚመርጡት 

ዋጋ💵፦  💰 1,800 ብር

💬በቴሌግራም ለማዘዝ @awasadmin1
                                        @awasadmin2

📍አድራሻችን:-
1️⃣.📌 ሜክሲኮ አልሳም አፓርታማ ግራውንድ ቁ. 29

2️⃣.📌 ቦሌ መድሐኔዓለም ቦሌ መሰናዶ ት/ቤት ፊትለፊት አለምነሽ ፕላዛ ግራውንድ ሱቅ ቁጥር 05 

📻(+251941661030 / +251943190237)

👍ለወዳጅዎ ስላጋሩ እናመሠግናለን ☺️

🤪 ቴሌግራም ቻናል t.me/AwasMart

📌📌📌📌📌📌📌📌📌📌📌",@AwasMart,የጨቅላ ህፃናት ማቀፊያና ማስተኛ ብርድ ልብስ አዲስ ለተወለዱ እና እስከ ወር ላሉ ህፃናት የሚሆን በጣም ወፍራም ለስላሳ ህፃናት እና እናቶች የሚመርጡት ዋጋ፦ ብር በቴሌግራም ለማዘዝ አድራሻችን ሜክሲኮ አልሳም አፓርታማ ግራውንድ ቁ ቦሌ መድሐኔዓለም ቦሌ መሰናዶ ትቤት ፊትለፊት አለምነሽ ፕላዛ ግራውንድ ሱቅ ቁጥር ለወዳጅዎ ስላጋሩ እናመሠግናለን ቴሌግራም ቻናል
6/14/2025 15:33,,"🔖🔖🔖🔖🔖🔖🔖🔖🔖🔖🔖🔖
ውድ ደንበኞቻችን ሱቃችን ነገ እሁድ ከ4:30-11:00 ሰዓት ክፍት መሆኑን በአክብሮት እንገልፃለን።

📍አድራሻችን:-
📌 ቦሌ መድሐኔዓለም ቦሌ መሰናዶ ት/ቤት ፊትለፊት አለምነሽ ፕላዛ ግራውንድ ሱቅ ቁጥር 05 

📻(+251941661030 / +251943190237)

👍ለወዳጅዎ ስላጋሩ እናመሠግናለን ☺️

🤪 ቴሌግራም ቻናል t.me/AwasMart

📌📌📌📌📌📌📌📌📌📌📌",@AwasMart,ውድ ደንበኞቻችን ሱቃችን ነገ እሁድ ከ ሰዓት ክፍት መሆኑን በአክብሮት እንገልፃለን። አድራሻችን ቦሌ መድሐኔዓለም ቦሌ መሰናዶ ትቤት ፊትለፊት አለምነሽ ፕላዛ ግራውንድ ሱቅ ቁጥር ለወዳጅዎ ስላጋሩ እናመሠግናለን ቴሌግራም ቻናል
6/13/2025 10:48,,"❇️ Rechargeable Vintage Lamp Humidifier
         💯High-quality 


☛በኤሌክትሪክ የሚሰራ
☛ለቤት መልካም መዓዛን የሚሰጥ

👉Continuously spray for 6 hours & automatically power off
✓Capacity: 280ml
✓Spray Amount: 25 -40ml/H
✓Battery Capacity: 1,200mAh
✓Power: 1.5W
✓Brightness level: 1%-100%
✓Purify the air & Beautify the Environment

☛#Vintage_Lamp_Humidifier
✓Compact and portable
✓Healthy mist
✓Gentle warm light
✓Colorful Atmosphere Light
✓Second-speed Spray
✓Wireless Humidification

👉Suitable for home, office, bedroom, living room, bathroom, car, etc.

☛#Package_Included:
1 x Humidifier
1 x USB Cable

    ዋጋ🫰፦  💰1,800 ብር

👉💬በቴሌግራም ለማዘዝ @awasadmin1
                                        @awasadmin2

📍አድራሻችን:-
1️⃣.📌 ሜክሲኮ አልሳም አፓርታማ ግራውንድ ቁ. 29

2️⃣.📌 ቦሌ መድሐኔዓለም ቦሌ መሰናዶ ት/ቤት ፊትለፊት አለምነሽ ፕላዛ ግራውንድ ሱቅ ቁጥር 05 

📻(+251941661030 / +251943190237)

👍ለወዳጅዎ ስላጋሩ እናመሠግናለን ☺️

🤪 ቴሌግራም ቻናል t.me/AwasMart

📌📌📌📌📌📌📌📌📌📌📌",@AwasMart,በኤሌክትሪክ የሚሰራ ለቤት መልካም መዓዛን የሚሰጥ ዋጋ፦ ብር በቴሌግራም ለማዘዝ አድራሻችን ሜክሲኮ አልሳም አፓርታማ ግራውንድ ቁ ቦሌ መድሐኔዓለም ቦሌ መሰናዶ ትቤት ፊትለፊት አለምነሽ ፕላዛ ግራውንድ ሱቅ ቁጥር ለወዳጅዎ ስላጋሩ እናመሠግናለን ቴሌግራም ቻናል
6/12/2025 19:58,,"❇️Baby Bath Net Bed 

👉Adjustable, only net (መረቡ ብቻ)

🔰ልጅዎን በቀላሉ በምቾት ለማጠብ

  ዋጋ💵፦  💰 600 ብር

💬በቴሌግራም ለማዘዝ @wamrt1
                                   @wamrt2
📍አድራሻችን:-
1️⃣.📌 ሜክሲኮ አልሳም አፓርታማ ግራውንድ ቁ. 29

2️⃣.📌 ቦሌ መድሐኔዓለም ቦሌ መሰናዶ ት/ቤት ፊትለፊት አለምነሽ ፕላዛ ግራውንድ ሱቅ ቁጥር 05 

📻(+251941661030 / +251943190237)

👍ለወዳጅዎ ስላጋሩ እናመሠግናለን ☺️

🤪 ቴሌግራም ቻናል t.me/AwasMart

📌📌📌📌📌📌📌📌📌📌📌",@AwasMart,መረቡ ብቻ ልጅዎን በቀላሉ በምቾት ለማጠብ ዋጋ፦ ብር በቴሌግራም ለማዘዝ አድራሻችን ሜክሲኮ አልሳም አፓርታማ ግራውንድ ቁ ቦሌ መድሐኔዓለም ቦሌ መሰናዶ ትቤት ፊትለፊት አለምነሽ ፕላዛ ግራውንድ ሱቅ ቁጥር ለወዳጅዎ ስላጋሩ እናመሠግናለን ቴሌግራም ቻናል
6/12/2025 10:31,,"❇️High pressure water Gun nozzle

   🔰መኪና ለማጠብ
   🔰ግቢ ለማፅዳት ተመራጭ
   🔰የራሱ መለዋወጫ ያለው

    ዋጋ💵፦  💰 800 ብር

💬በቴሌግራም ለማዘዝ @wamrt1
                                   @wamrt2
📍አድራሻችን:-
1️⃣.📌 ሜክሲኮ አልሳም አፓርታማ ግራውንድ ቁ. 29

2️⃣.📌 ቦሌ መድሐኔዓለም ቦሌ መሰናዶ ት/ቤት ፊትለፊት አለምነሽ ፕላዛ ግራውንድ ሱቅ ቁጥር 05 

📻(+251941661030 / +251943190237)

👍ለወዳጅዎ ስላጋሩ እናመሠግናለን ☺️

🤪 ቴሌግራም ቻናል t.me/AwasMart

📌📌📌📌📌📌📌📌📌📌📌",@AwasMart,መኪና ለማጠብ ግቢ ለማፅዳት ተመራጭ የራሱ መለዋወጫ ያለው ዋጋ፦ ብር በቴሌግራም ለማዘዝ አድራሻችን ሜክሲኮ አልሳም አፓርታማ ግራውንድ ቁ ቦሌ መድሐኔዓለም ቦሌ መሰናዶ ትቤት ፊትለፊት አለምነሽ ፕላዛ ግራውንድ ሱቅ ቁጥር ለወዳጅዎ ስላጋሩ እናመሠግናለን ቴሌግራም ቻናል
6/10/2025 16:09,,"✳️ Baby Feeding Bottle Spoon with Container Baby Food Feeder
      💯 High Quality 

📌የህፃናት መመገቢያ ጡጦ

👉Silicone Squeeze Spoon Feeder for Infant Food Dispensing and Feeding

🌷Safe Material
🌷Filterable Food
🌷Strong Sealing
🌷Easy to Use

    ዋጋ💵፦  💰400 ብር

💬በቴሌግራም ለማዘዝ @wamrt1
                                   @wamrt2
📍አድራሻችን:-
1️⃣.📌 ሜክሲኮ አልሳም አፓርታማ ግራውንድ ቁ. 29

2️⃣.📌 ቦሌ መድሐኔዓለም ቦሌ መሰናዶ ት/ቤት ፊትለፊት አለምነሽ ፕላዛ ግራውንድ ሱቅ ቁጥር 05 

📻(+251941661030 / +251943190237)

👍ለወዳጅዎ ስላጋሩ እናመሠግናለን ☺️

🤪 ቴሌግራም ቻናል t.me/AwasMart

📌📌📌📌📌📌📌📌📌📌📌",@AwasMart,የህፃናት መመገቢያ ጡጦ ዋጋ፦ ብር በቴሌግራም ለማዘዝ አድራሻችን ሜክሲኮ አልሳም አፓርታማ ግራውንድ ቁ ቦሌ መድሐኔዓለም ቦሌ መሰናዶ ትቤት ፊትለፊት አለምነሽ ፕላዛ ግራውንድ ሱቅ ቁጥር ለወዳጅዎ ስላጋሩ እናመሠግናለን ቴሌግራም ቻናል
6/10/2025 10:57,,"😬😬😬😬😬😬😬😬😬😬😬😬
❇️ U-shaped Baby Toothbrush

✔የልጆች ጥርስ መቦረሻ
👉Children Teeth Oral Care Cleaning Brush Soft Silicone Teethers

       ዋጋ💵፦  💰 250 ብር

💬በቴሌግራም ለማዘዝ @wamrt1
                                   @wamrt2
📍አድራሻችን:-
1️⃣.📌 ሜክሲኮ አልሳም አፓርታማ ግራውንድ ቁ. 29

2️⃣.📌 ቦሌ መድሐኔዓለም ቦሌ መሰናዶ ት/ቤት ፊትለፊት አለምነሽ ፕላዛ ግራውንድ ሱቅ ቁጥር 05 

📻(+251941661030 / +251943190237)

👍ለወዳጅዎ ስላጋሩ እናመሠግናለን ☺️

🤪 ቴሌግራም ቻናል t.me/AwasMart

📌📌📌📌📌📌📌📌📌📌📌",@AwasMart,የልጆች ጥርስ መቦረሻ ዋጋ፦ ብር በቴሌግራም ለማዘዝ አድራሻችን ሜክሲኮ አልሳም አፓርታማ ግራውንድ ቁ ቦሌ መድሐኔዓለም ቦሌ መሰናዶ ትቤት ፊትለፊት አለምነሽ ፕላዛ ግራውንድ ሱቅ ቁጥር ለወዳጅዎ ስላጋሩ እናመሠግናለን ቴሌግራም ቻናል
6/9/2025 15:35,,"❇️ U shapped Stainless Steel Frame Mosquito Net

✔️አዲስ ዲዛይን አጎበር
✔️ ጣሪያው U ቅርፅ ያለው የማይዝግ ብረት
✔️ በቀላሉ የሚገጣጠም፤ የሚፈታ
✔️ ለ 1.80 ሜትር እና የቦታ ጥበት ከሌለብዎት ከዚያ በታች ለሆኑ አልጋዎች የሚሆን
✔️ ለ 2 ሜትር ስፋት ላላቸው አልጋዎች አጎበሩን ወደጎን በመበተን ሊጠቀሙበት ይችላሉ
✔️ በነጭ፣ በወይነ ጠጅ፣ በቡኒ እና በፒንክ ቀለም የመጣ

Size:- 180*180cm

       ዋጋ💵፦  💰 6,000 ብር

💬በቴሌግራም ለማዘዝ @wamrt1
                                   @wamrt2
📍አድራሻችን:-
1️⃣.📌 ሜክሲኮ አልሳም አፓርታማ ግራውንድ ቁ. 29

2️⃣.📌 ቦሌ መድሐኔዓለም ቦሌ መሰናዶ ት/ቤት ፊትለፊት አለምነሽ ፕላዛ ግራውንድ ሱቅ ቁጥር 05 

📻(+251941661030 / +251943190237)

👍ለወዳጅዎ ስላጋሩ እናመሠግናለን ☺️

🤪 ቴሌግራም ቻናል t.me/AwasMart

📌📌📌📌📌📌📌📌📌📌📌",@AwasMart,አዲስ ዲዛይን አጎበር ጣሪያው ቅርፅ ያለው የማይዝግ ብረት በቀላሉ የሚገጣጠም፤ የሚፈታ ለ ሜትር እና የቦታ ጥበት ከሌለብዎት ከዚያ በታች ለሆኑ አልጋዎች የሚሆን ለ ሜትር ስፋት ላላቸው አልጋዎች አጎበሩን ወደጎን በመበተን ሊጠቀሙበት ይችላሉ በነጭ፣ በወይነ ጠጅ፣ በቡኒ እና በፒንክ ቀለም የመጣ ዋጋ፦ ብር በቴሌግራም ለማዘዝ አድራሻችን ሜክሲኮ አልሳም አፓርታማ ግራውንድ ቁ ቦሌ መድሐኔዓለም ቦሌ መሰናዶ ትቤት ፊትለፊት አለምነሽ ፕላዛ ግራውንድ ሱቅ ቁጥር ለወዳጅዎ ስላጋሩ እናመሠግናለን ቴሌግራም ቻናል
6/9/2025 9:13,,"❇️ One Step Hair Dryer & Styler 

🔰 ከርል ለመስራት
🔰 ለማለስለስ
🔰 እንዲሁም ለማድረቅ የሚያገለግል ለኢትዮጵያውያን ፀጉር ተስማሚ

🔰 የሙቀት መቆጣጠሪያ ስላለው ለአጠቃቀም ምቹ

    ዋጋ💵፦  💰1,600 ብር

💬በቴሌግራም ለማዘዝ @wamrt1
                                   @wamrt2
📍አድራሻችን:-
1️⃣.📌 ሜክሲኮ አልሳም አፓርታማ ግራውንድ ቁ. 29

2️⃣.📌 ቦሌ መድሐኔዓለም ቦሌ መሰናዶ ት/ቤት ፊትለፊት አለምነሽ ፕላዛ ግራውንድ ሱቅ ቁጥር 05 

📻(+251941661030 / +251943190237)

👍ለወዳጅዎ ስላጋሩ እናመሠግናለን ☺️

🤪 ቴሌግራም ቻናል t.me/AwasMart

📌📌📌📌📌📌📌📌📌📌📌",@AwasMart,ከርል ለመስራት ለማለስለስ እንዲሁም ለማድረቅ የሚያገለግል ለኢትዮጵያውያን ፀጉር ተስማሚ የሙቀት መቆጣጠሪያ ስላለው ለአጠቃቀም ምቹ ዋጋ፦ ብር በቴሌግራም ለማዘዝ አድራሻችን ሜክሲኮ አልሳም አፓርታማ ግራውንድ ቁ ቦሌ መድሐኔዓለም ቦሌ መሰናዶ ትቤት ፊትለፊት አለምነሽ ፕላዛ ግራውንድ ሱቅ ቁጥር ለወዳጅዎ ስላጋሩ እናመሠግናለን ቴሌግራም ቻናል
6/8/2025 9:19,,"❇️Car Solar Aromatherapy

👍በ ፀሀይ ብርሀን የሚሰራ
👍ለመኪናዎ ጥሩ ጠረን የሚያላብስ
👍እየተሽከረከረ አየር በማፅዳት ጥሩ መአዛን የሚሰጥ 

👍ለመኪናዎ ተጨማሪ ውበትን የሚሰጥ

    ዋጋ💵፦  💰850 ብር

💬በቴሌግራም ለማዘዝ @wamrt1
                                   @wamrt2
📍አድራሻችን:-
1️⃣.📌 ሜክሲኮ አልሳም አፓርታማ ግራውንድ ቁ. 29

2️⃣.📌 ቦሌ መድሐኔዓለም ቦሌ መሰናዶ ት/ቤት ፊትለፊት አለምነሽ ፕላዛ ግራውንድ ሱቅ ቁጥር 05 

📻(+251941661030 / +251943190237)

👍ለወዳጅዎ ስላጋሩ እናመሠግናለን ☺️

🤪 ቴሌግራም ቻናል t.me/AwasMart

📌📌📌📌📌📌📌📌📌📌📌",@AwasMart,በ ፀሀይ ብርሀን የሚሰራ ለመኪናዎ ጥሩ ጠረን የሚያላብስ እየተሽከረከረ አየር በማፅዳት ጥሩ መአዛን የሚሰጥ ለመኪናዎ ተጨማሪ ውበትን የሚሰጥ ዋጋ፦ ብር በቴሌግራም ለማዘዝ አድራሻችን ሜክሲኮ አልሳም አፓርታማ ግራውንድ ቁ ቦሌ መድሐኔዓለም ቦሌ መሰናዶ ትቤት ፊትለፊት አለምነሽ ፕላዛ ግራውንድ ሱቅ ቁጥር ለወዳጅዎ ስላጋሩ እናመሠግናለን ቴሌግራም ቻናል
6/6/2025 11:17,,"❇️ለመላው የእስልምና እምነት ተከታዮች እንኳን ለዒድ አል-አድሃ(አረፋ) በዓል በሰላም አደረሳችሁ! በዓሉ የሰላም የጤናና የመተሳሰብ እንዲሆን እንመኛለን!

ኢድ ሙባረክ

📍አድራሻችን:-
1️⃣.📌መገናኛ ኪኔሬት ሕንፃ 1ኛ ፎቅ ቁ. 101 (ዋአች ሕንፃ ፊትለፊት ንግድ ባንክ እና ጎህ ቤቶች ባንክ ያሉበት) 

2️⃣.📌 ሜክሲኮ አልሳም አፓርታማ ግራውንድ ቁ. 29

3️⃣.📌 ቦሌ መድሐኔዓለም ቦሌ መሰናዶ ት/ቤት ፊትለፊት አለምነሽ ፕላዛ ግራውንድ ሱቅ ቁጥር 05 

📻(+251941661030 / +251943190237)

👍ለወዳጅዎ ስላጋሩ እናመሠግናለን ☺️

🔔 ቴሌግራም ቻናል t.me/AwasMart",@AwasMart,ለመላው የእስልምና እምነት ተከታዮች እንኳን ለዒድ አልአድሃአረፋ በዓል በሰላም አደረሳችሁ በዓሉ የሰላም የጤናና የመተሳሰብ እንዲሆን እንመኛለን ኢድ ሙባረክ አድራሻችን መገናኛ ኪኔሬት ሕንፃ ኛ ፎቅ ቁ ዋአች ሕንፃ ፊትለፊት ንግድ ባንክ እና ጎህ ቤቶች ባንክ ያሉበት ሜክሲኮ አልሳም አፓርታማ ግራውንድ ቁ ቦሌ መድሐኔዓለም ቦሌ መሰናዶ ትቤት ፊትለፊት አለምነሽ ፕላዛ ግራውንድ ሱቅ ቁጥር ለወዳጅዎ ስላጋሩ እናመሠግናለን ቴሌግራም ቻናል
6/5/2025 21:26,,"ሱቃችን ነገ ሙሉ ቀን ክፍት መሆኑን በአክብሮት እንገልፃለን።

📍አድራሻችን:-
1️⃣.📌መገናኛ ኪኔሬት ሕንፃ 1ኛ ፎቅ ቁ. 101 (ዋአች ሕንፃ ፊትለፊት ንግድ ባንክ እና ጎህ ቤቶች ባንክ ያሉበት) 

2️⃣.📌 ሜክሲኮ አልሳም አፓርታማ ግራውንድ ቁ. 29

3️⃣.📌 ቦሌ መድሐኔዓለም ቦሌ መሰናዶ ት/ቤት ፊትለፊት አለምነሽ ፕላዛ ግራውንድ ሱቅ ቁጥር 05 

📻(+251941661030 / +251943190237)

👍ለወዳጅዎ ስላጋሩ እናመሠግናለን ☺️

🔔 ቴሌግራም ቻናል t.me/AwasMart",@AwasMart,ሱቃችን ነገ ሙሉ ቀን ክፍት መሆኑን በአክብሮት እንገልፃለን። አድራሻችን መገናኛ ኪኔሬት ሕንፃ ኛ ፎቅ ቁ ዋአች ሕንፃ ፊትለፊት ንግድ ባንክ እና ጎህ ቤቶች ባንክ ያሉበት ሜክሲኮ አልሳም አፓርታማ ግራውንድ ቁ ቦሌ መድሐኔዓለም ቦሌ መሰናዶ ትቤት ፊትለፊት አለምነሽ ፕላዛ ግራውንድ ሱቅ ቁጥር ለወዳጅዎ ስላጋሩ እናመሠግናለን ቴሌግራም ቻናል
6/19/2025 9:26,,"💵 PRICE :- 3600 ብር
☎️ phone :- 0944222069
👟 brand  :- NIKE PEGASUS ZOOM

📐 size :- 39,40,41,42,43,44
📍 አድራሻ :- ሜክሲኮ ኬኬር ህንፃ 2ኛ ፎቅ በመጀመሪያው በስተቀኝ እጥፍ ሲሉ ሱቅ.ቁ 213",@belaclassic,ብር አድራሻ ሜክሲኮ ኬኬር ህንፃ ኛ ፎቅ በመጀመሪያው በስተቀኝ እጥፍ ሲሉ ሱቅቁ
6/17/2025 21:16,,"💵 PRICE :- 3400 ብር
☎️ phone :- 0944222069
👟 brand  :- CONVERSE 90's

📐 size :- 39,40,41,42,43,44
📍 አድራሻ :- ሜክሲኮ ኬኬር ህንፃ 2ኛ ፎቅ በመጀመሪያው በስተቀኝ እጥፍ ሲሉ 213",@belaclassic,ብር አድራሻ ሜክሲኮ ኬኬር ህንፃ ኛ ፎቅ በመጀመሪያው በስተቀኝ እጥፍ ሲሉ
5/18/2025 12:34,,"👉እሁድ ሁሌም ከቀኑ 7 ሰዓት እስከ ምሽቱ 12 ሰዓት ሱቃችን ክፍት ነው 

👉የተቀሩት ቀናቶች ማለትም ከሰኞ እስከ ቅዳሜ ከጥዋቱ 1 ሰዓት እስከ ምሽቱ 1 ሰዓት ድረስ አለን 

🏘 አድራሻ :- ሜክሲኮ ኬኬር ህንፃ 2ኛ ፎቅ ልክ እንደወጡ በመጀመሪያው በስተቀኝ  እጥፍ ሲሉ ያገኙናል  (ሱቅ ቁ. 213)

☎️ስልክ  :-  0944222069",@belaclassic,እሁድ ሁሌም ከቀኑ ሰዓት እስከ ምሽቱ ሰዓት ሱቃችን ክፍት ነው የተቀሩት ቀናቶች ማለትም ከሰኞ እስከ ቅዳሜ ከጥዋቱ ሰዓት እስከ ምሽቱ ሰዓት ድረስ አለን አድራሻ ሜክሲኮ ኬኬር ህንፃ ኛ ፎቅ ልክ እንደወጡ በመጀመሪያው በስተቀኝ እጥፍ ሲሉ ያገኙናል ሱቅ ቁ ስልክ
5/10/2025 9:08,,"👟:- WHITE LEATHER SANDLES 
💍:- ለሙሽራ እና ለሚዜ የመልስ ቀን
🥼:- ለተለያዩ በዓላት እና ለሰንበት ቀን 
🌍:- MADE IN PAKISTAN

💰 ዋጋ :- 1900
☎️ ስልክ :- 0944222069
📐 size  :-  39,40,41,42,43,44
📥 በውስጥ ለማናገር :- @Bellaclassics

🏘 አድራሻ :- ሜክሲኮ ኬኬር ህንፃ 2ኛ ፎቅ በመጀመሪያው በስተቀኝ እጥፍ ሲሉ ሱቅ.ቁ213",@belaclassic,ለሙሽራ እና ለሚዜ የመልስ ቀን ለተለያዩ በዓላት እና ለሰንበት ቀን ዋጋ ስልክ በውስጥ ለማናገር አድራሻ ሜክሲኮ ኬኬር ህንፃ ኛ ፎቅ በመጀመሪያው በስተቀኝ እጥፍ ሲሉ ሱቅቁ
5/6/2025 16:22,,"New arrival  አዲስ የገቡ 
0944222069",@belaclassic,አዲስ የገቡ
4/23/2025 10:48,,"👟 brand :- FANNSIYOR COMFI 
📐 size  :-  39,40,41,42,43,44 

💰 ዋጋ :- 3600
☎️ ስልክ :- 0944222069  
📥 በውስጥ ለማናገር :- @Bellaclassics

🏘 አድራሻ :- ሜክሲኮ ኬኬር ህንፃ 2ኛ ፎቅ በመጀመሪያው በስተቀኝ እጥፍ ሲሉ ሱቅ.ቁ213",@belaclassic,ዋጋ ስልክ በውስጥ ለማናገር አድራሻ ሜክሲኮ ኬኬር ህንፃ ኛ ፎቅ በመጀመሪያው በስተቀኝ እጥፍ ሲሉ ሱቅቁ
4/14/2025 10:51,,"👟 brand :- CONVERSE ALL-STAR 90's
📐 size  :-  39,40,41,42,43,44 

💰 ዋጋ :- 3400
☎️ ስልክ :- 0944222069  
📥 በውስጥ ለማናገር :- @Bellaclassics

🏘 አድራሻ :- ሜክሲኮ ኬኬር ህንፃ 2ኛ ፎቅ በመጀመሪያው በስተቀኝ እጥፍ ሲሉ አለን ሱቅ.ቁ 213",@belaclassic,ዋጋ ስልክ በውስጥ ለማናገር አድራሻ ሜክሲኮ ኬኬር ህንፃ ኛ ፎቅ በመጀመሪያው በስተቀኝ እጥፍ ሲሉ አለን ሱቅቁ
4/8/2025 10:34,,"👟 brand :- SKECHERS ULTRA GO 
📐 size  :-  39,40,41,42,43,44 

💰 ዋጋ :- 3700
☎️ ስልክ :- 0944222069  
📥 በውስጥ ለማናገር :- @Bellaclassics

🏘 አድራሻ :- ሜክሲኮ ኬኬር ህንፃ 2ኛ ፎቅ በመጀመሪያው በስተቀኝ ገባሲሉ ሱቅ.ቁ213",@belaclassic,ዋጋ ስልክ በውስጥ ለማናገር አድራሻ ሜክሲኮ ኬኬር ህንፃ ኛ ፎቅ በመጀመሪያው በስተቀኝ ገባሲሉ ሱቅቁ
6/18/2025 11:51,,"SOAK የመኪና ANDROID SCREEN 

🟰ልንጨርስ በጣም ውስን ፍሬ ነው የቀረን

🟰 ገበያ ላይ ካለው የመኪና እስኪሪን ዋጋ በግማሽ የቀነሰ

🟰በጥራቱ ሙሉ ዋስትና የምንሰጥበት

🟰🟰ሳያልቅ ይውሰዱ",@marakisat2,የመኪና ልንጨርስ በጣም ውስን ፍሬ ነው የቀረን ገበያ ላይ ካለው የመኪና እስኪሪን ዋጋ በግማሽ የቀነሰ በጥራቱ ሙሉ ዋስትና የምንሰጥበት ሳያልቅ ይውሰዱ
6/14/2025 11:22,,"አያስቡ
በየትኛውም ጊዜ ከኛ ለገዙት Android Box ሪሞት አያጡም! በሸጡላቸውም ሰዎች አይወቀሱም! 

1)- Set-Top Box

2)- Magic Keyboard Universal

3)- Q5 Android Box

4)- Magic Android Box

5)- Q5 Plus Android Box

6)- Xcruiser V8 Box

7)- Xcruiser Magic M1 Box

ሁሉም አለን!",@marakisat2,አያስቡ በየትኛውም ጊዜ ከኛ ለገዙት ሪሞት አያጡም በሸጡላቸውም ሰዎች አይወቀሱም ሁሉም አለን
6/14/2025 11:17,,"ሰላም ውድ ደንበኞቻችን 

በቅርቡ ያመጣናትን ""XCRUISER MAGIC BOX""ሸጠን ልንጨርስ በጣም ውስን ብዛት ስለቀረን ፈላጊዎች ሳያልቅ ይዘዙን!",@marakisat2,ሰላም ውድ ደንበኞቻችን በቅርቡ ያመጣናትን ሸጠን ልንጨርስ በጣም ውስን ብዛት ስለቀረን ፈላጊዎች ሳያልቅ ይዘዙን
6/14/2025 9:06,,"♦️5G+ WiFi Router♦️

Ethiotelecom እና SafariCom Support ያደርጋል!

ለብዛት ገዢዎች በሚገርም ዋጋ

🔷 Call     0911961727
🔷 inbox @lucassheerio
🕋አድራሻ; መርካቶ አንዋር መስጂድ ጎንደር በረንዳ ግቢ ውስጥ ቤኪጃ ሶፍትዌር",@marakisat2,እና ያደርጋል ለብዛት ገዢዎች በሚገርም ዋጋ አድራሻ መርካቶ አንዋር መስጂድ ጎንደር በረንዳ ግቢ ውስጥ ቤኪጃ ሶፍትዌር
5/29/2025 11:26,,"LIFESTAR 1 Million 4K Android

4K ሪሲቨር እና 4K ቲቪ ስማርት ማድረጊያን በአንድ እቃ የሚያገኙበት 

1. 2GB RAM 16GB Storage 
2. Android 11
3. 4K UHD Satellite Channels Support 
4. 24 month Free ForeverPro Server 
5. 15 Month Free Apollo5 4K IPTV Android Version Installed 
6. LifeTime Nova TV Support 
7. Google Playstore and Aptoide built In Installed 
8. PIP Support (2 satellite channels play in the same time) 
9. Bluetooth Remote Control 

ዋጋ 7000ብር ብቻ 0911961727 ወይም 0911060101",@marakisat2,ሪሲቨር እና ቲቪ ስማርት ማድረጊያን በአንድ እቃ የሚያገኙበት ዋጋ ብር ብቻ ወይም
5/24/2025 10:28,,"የድሮ Xcruiser5500 ፋይንደር Original ባትሪ አለን!

ለመግዛት 0911961727",@marakisat2,የድሮ ፋይንደር ባትሪ አለን ለመግዛት
5/24/2025 9:58,,"ዛሬ ቅዳሜ ነው!

ይቺን ምርጥ የቲቪ ስማርት ማድረጊያ በመግዛት አልያም ወዳሉበት በማስላክ ነፃ የኳስ እንዲሁም የመዝናኛ ቻናሎችን በነፃ ይኮምኩሙ!

0911961727
@lucassheerio",@marakisat2,ዛሬ ቅዳሜ ነው ይቺን ምርጥ የቲቪ ስማርት ማድረጊያ በመግዛት አልያም ወዳሉበት በማስላክ ነፃ የኳስ እንዲሁም የመዝናኛ ቻናሎችን በነፃ ይኮምኩሙ
5/23/2025 12:30,,ባለ4 እና ባለ7 USB HUB በ 3.0,@marakisat2,ባለ እና ባለ በ
5/23/2025 12:28,,"CONVERTORS

♦️HDMI TO USB
♦️DISPLAY PORT TO VGA
♦️DISPLAY PORT TO HDMI
♦️HDMI TO  VGA
♦️HDMI TO TYPE C
♦️USB TO VGA
♦️RS 232 TO USB
♦️HARD DISC CABLE 

የተለያየ አይነት Converter አስገብተናል!",@marakisat2,የተለያየ አይነት አስገብተናል
5/23/2025 11:54,,"SANDISK 100% ORIGINAL MEMORY 

ለ CCTV CAMERAዎች እና ለስልክ የሚሆን በ120MB/S ፍጥነት

🔷64GB SANDISK Memory

🔷128GB SANDISK Memory

🔷256GB SANDISK  Memory 

🔊ለብዛት ፈላጊዎች አሪፍ ዋጋ አለን!

🔷 Call     0911961727
🔷 inbox @lucassheerio
🕋አድራሻ; መርካቶ አንዋር መስጂድ ጎንደር በረንዳ ግቢ ውስጥ ቤኪጃ ሶፍትዌር",@marakisat2,ለ ዎች እና ለስልክ የሚሆን በ ፍጥነት ለብዛት ፈላጊዎች አሪፍ ዋጋ አለን አድራሻ መርካቶ አንዋር መስጂድ ጎንደር በረንዳ ግቢ ውስጥ ቤኪጃ ሶፍትዌር
5/23/2025 9:35,,"🚨NEW ITEM🚨

""SOAK 919CP የመኪና 
SCREEN ""

64 GB STORAGE 
4 GB RAM
ANDROID VERSION 14
9"" SCREEN 

ሁሉም APP የሚጫንበት (PLAYSTORE፣YOUTUBE ፣NETFLIX ፣TIKTOK፣፣HDO BOX፣ እና ብዙ ብዙ

ለ COROLLA/HILUX/DESIRE And እና ለሌሎችም መሆን የሚችል

ነፃ የ15ወር MYHD LION የተጫነበት በዚህም ሙሉ የኳስ(ቢን SPORT ፣ዲS TV)፣የፊልም፣የመዝናኛ ቻናሎችን ያካተተ

💰በምርጥ ዋጋ

ገበያ ላይ ካሉ ተመሳሳይ እቃዎች በጥራቱ እጅጉን ተሻሽሎ የመጣ እና ፅድት ያለ እቃ

ይህንን እቃ ከኛ በመግዛት ከተጋነነ ዋጋ ይዳኑ!!",@marakisat2,የመኪና ሁሉም የሚጫንበት ፣ ፣ ፣፣፣ ፣ እና ብዙ ብዙ ለ እና ለሌሎችም መሆን የሚችል ነፃ የወር የተጫነበት በዚህም ሙሉ የኳስቢን ፣ዲ ፣የፊልም፣የመዝናኛ ቻናሎችን ያካተተ በምርጥ ዋጋ ገበያ ላይ ካሉ ተመሳሳይ እቃዎች በጥራቱ እጅጉን ተሻሽሎ የመጣ እና ፅድት ያለ እቃ ይህንን እቃ ከኛ በመግዛት ከተጋነነ ዋጋ ይዳኑ
5/23/2025 9:27,,"በ እግርኳሱ አለም Underrated Player እንደምንለው ከኤሌክትሮኒክስ እቃዎች ሁሉ Underrated ማለት የምንችለው እቃ አለ እሱም ""MAGIC REMOTE"" ነው

MAGIC REMOTE FOR
ALL 

✅ALL BRAND TV 
✅ALL Brand Projector
✅ALL Brand Smart Box 
✅ALL Brand Computer
✅ALL Brand Htpc
✅ALL Brand mobile Phone 
✅ALL Brand Tablet And Gamepad
❇️እንደ ሪሞት
❇️እንደ ኪቦርድ
❇️እንደ ማውዝ ማገልገል የሚችል
🔆እድሜልክ ያለባትሪ ድንጋይ የሚሰራ ጠንካራ ሪሞት 
🔆ይሄን ሁሉ ጥቅም አንድ ሪሞት በመግዛት ብቻ ይገኛል!
🟦በብዛት መግዛት ለምትፈልጉ ደንበኞቻችን በሚገርም ዋጋ እናስረክባለን።

💰ዋጋ እንደብዛቱ ስለሚለያይ INBOX ጠይቁን!

🔷 Call     0911961727
🔷 inbox @lucassheerio
🕋አድራሻ; መርካቶ አንዋር መስጂድ ጎንደር በረንዳ ግቢ ውስጥ ቤኪጃ ሶፍትዌር",@marakisat2,በ እግርኳሱ አለም እንደምንለው ከኤሌክትሮኒክስ እቃዎች ሁሉ ማለት የምንችለው እቃ አለ እሱም ነው እንደ ሪሞት እንደ ኪቦርድ እንደ ማውዝ ማገልገል የሚችል እድሜልክ ያለባትሪ ድንጋይ የሚሰራ ጠንካራ ሪሞት ይሄን ሁሉ ጥቅም አንድ ሪሞት በመግዛት ብቻ ይገኛል በብዛት መግዛት ለምትፈልጉ ደንበኞቻችን በሚገርም ዋጋ እናስረክባለን። ዋጋ እንደብዛቱ ስለሚለያይ ጠይቁን አድራሻ መርካቶ አንዋር መስጂድ ጎንደር በረንዳ ግቢ ውስጥ ቤኪጃ ሶፍትዌር
5/23/2025 9:19,,"✨REMOTE ✨

Q5 እና Q5 PLUS የገዛችሁም ለመግዛት ያሰባችሁም የሪሞት ነገር እንዳያሳስባችሁ ምክንያቱም በጣም በቂ ሪሞት አስገብተናል!

💰በተመጣጣኝ ዋጋ!",@marakisat2,እና የገዛችሁም ለመግዛት ያሰባችሁም የሪሞት ነገር እንዳያሳስባችሁ ምክንያቱም በጣም በቂ ሪሞት አስገብተናል በተመጣጣኝ ዋጋ
5/23/2025 9:10,,"✨Q5 SMART BOX ✨

✍️( ማንኛውንም ቲቪ ስማርት ያደርጋል)

👉 8GB STORAGE 
👉2 GB RAM
👉ANDROID VERSION 12

CPU: ARM Cortex Quad-Core
GPU: Mali-G31
DRAM: 2GB DDR3
FLASH: 8GB eMMC
WIFI: 2.4GHz+5.8GHz
BLUETOOTH: BT 5.2
Built-in Google Assistant
Built-in Netflix
Bluetooth Voice remote control

💰በምርጥ ዋጋ

 ✈️ለመግዛት 0911961727
                   @lucassheerio

🕋አድራሻ መርካቶ ጎንደር በረንዳ ግቢ ውስጥ ቤኪጃ ሶፍትዌር",@marakisat2,ማንኛውንም ቲቪ ስማርት ያደርጋል በምርጥ ዋጋ ለመግዛት አድራሻ መርካቶ ጎንደር በረንዳ ግቢ ውስጥ ቤኪጃ ሶፍትዌር
5/22/2025 9:18,,".                🥳NEW ITEM 🥳

🔥XCRUISER ANDROID BOX🔥 MAGIC M1

☄️እጅግ በጣም ገራሚ እቃ በሚገርም ዋጋ
የትኛውንም TV ስማርት ያደርጋል!
🔋MYHD LION IPTV የ15 ወር ነፃ የተሞላበት
 🔋HIGH SPEED PROCESSOR 
🔋 REMOTE WORKS WITH BOTH BLUETOOTH AND IR FUNCTION 
🔋 32GB STORAGE 
🔋 4GB RAM
🔋 ALL NECESSARY APPS ARE INSTALLED 

💰ዋጋው 4,500ብር ነው!

👀ውስን ብዛት ስላመጣን ልክ እንደከዚህ ቀደሙ እቃው አልቆ እንዳይጉላሉ ቀድመው ይውሰዱ!

 ✈️ለመግዛት 0911961727
                   @lucassheerio

🕋አድራሻ መርካቶ ጎንደር በረንዳ ግቢ ውስጥ ቤኪጃ ሶፍትዌር",@marakisat2,እጅግ በጣም ገራሚ እቃ በሚገርም ዋጋ የትኛውንም ስማርት ያደርጋል የ ወር ነፃ የተሞላበት ዋጋው ብር ነው ውስን ብዛት ስላመጣን ልክ እንደከዚህ ቀደሙ እቃው አልቆ እንዳይጉላሉ ቀድመው ይውሰዱ ለመግዛት አድራሻ መርካቶ ጎንደር በረንዳ ግቢ ውስጥ ቤኪጃ ሶፍትዌር
5/22/2025 9:16,,"MYHD-LION-በማስረጃ

ቢን-Sportን ጨምሮ በጣም ብዙ የSport እና የመዝናኛ ቻናሎችን የያዘ Iptቪ በነፃ በXcruiser magic box ብቻ የሚገኝ

pov; myhd lion code 700 ብር ነው የሚሸጠው",@marakisat2,በማስረጃ ቢንን ጨምሮ በጣም ብዙ የ እና የመዝናኛ ቻናሎችን የያዘ ቪ በነፃ በ ብቻ የሚገኝ ብር ነው የሚሸጠው
5/22/2025 9:16,,"💀XCRUISER MAGIC M-1💀

✍️NOVA TV - በማስረጃ
ያለምንም የዲሽ ሰሀን እና ሪሲቨር በኢንተርኔት ብቻ   የተለያዩ ሀገረኛ ቻናሎችን በጥራት ማየት",@marakisat2,በማስረጃ ያለምንም የዲሽ ሰሀን እና ሪሲቨር በኢንተርኔት ብቻ የተለያዩ ሀገረኛ ቻናሎችን በጥራት ማየት
5/22/2025 9:16,,"💀XCRUISER MAGIC M-1💀

✍️YOUTUBE - በማስረጃ
የተለያዩ የYOUTUBE ቪዲዎችን በጥራት ማየት",@marakisat2,በማስረጃ የተለያዩ የ ቪዲዎችን በጥራት ማየት
5/22/2025 9:16,,"💀XCRUISER MAGIC M-1💀

✍️MIRACAST - በማስረጃ
ከስልክ ወደ ቲቪ ድምፅ እና ምስልን በቀላሉ ማስተላለፍ",@marakisat2,በማስረጃ ከስልክ ወደ ቲቪ ድምፅ እና ምስልን በቀላሉ ማስተላለፍ
5/20/2025 18:01,,"✨ORIGINAL  የ LIFESTAR ባለኮከቡ ሪሞት በብዛት አስገብተናል!

🟰ALL Lifestar receiver 
🟰ALL Lifestar Tv
🟰many receivers

🫰በተጨማሪም አብዛኞቹን ገበያ ላይ የሚገኙ ሪሲቨሮችን ቀጥታ ያዛል!

🤝ለመግዛት 0911961727
               @lucassheerio

አድራሻ  🌙መርካቶ አንዋር መስጂድ ጎንደር በረንዳ ግቢ ውስጥ ሁለተኛው ቅያስ ቤኪ ጃ ሶፍትዌር",@marakisat2,የ ባለኮከቡ ሪሞት በብዛት አስገብተናል በተጨማሪም አብዛኞቹን ገበያ ላይ የሚገኙ ሪሲቨሮችን ቀጥታ ያዛል ለመግዛት አድራሻ መርካቶ አንዋር መስጂድ ጎንደር በረንዳ ግቢ ውስጥ ሁለተኛው ቅያስ ቤኪ ጃ ሶፍትዌር
5/20/2025 9:16,,"NEXT 17/32 MULTISWITCH 

4 የተለያዩ ሳተላይቶችን ለ32 ክፍል የሚበትንልን ለሆቴል፣ ለአፓርታማ ፣ለሆስፒታል ፣ለኮንዶሚኒየም ተፈላጊ እቃ 


በጣም በአሪፍ ዋጋ!",@marakisat2,የተለያዩ ሳተላይቶችን ለ ክፍል የሚበትንልን ለሆቴል፣ ለአፓርታማ ፣ለሆስፒታል ፣ለኮንዶሚኒየም ተፈላጊ እቃ በጣም በአሪፍ ዋጋ
5/20/2025 9:16,,"✨XCRUISER QUATTRO LNB✨

ለ Multiswitch System ወሳኝ LNB ነው!

💰በ 1900ብር ብቻ

🤝ለመግዛት 0911961727
               @lucassheerio

አድራሻ  🌙መርካቶ አንዋር መስጂድ ጎንደር በረንዳ ግቢ ውስጥ ሁለተኛው ቅያስ ቤኪ ጃ ሶፍትዌር",@marakisat2,ለ ወሳኝ ነው በ ብር ብቻ ለመግዛት አድራሻ መርካቶ አንዋር መስጂድ ጎንደር በረንዳ ግቢ ውስጥ ሁለተኛው ቅያስ ቤኪ ጃ ሶፍትዌር
5/19/2025 10:58,,"🟦4G/5G LTE WIRELESS MODEM🟦

🔷ተንቀሳቃሽ Router በድጋሚ አስገብተናል!

🔷- ETHIOTELECOM እና SAFARICOM NETWORK SUPPORT ያረጋል!

💰ለብዛት ነጋዴዎች የትም በሌለ ቅናሽ 

🔷ይህንን ዕቃ መግዛት ወይም ማዘዝ ከፈለጉ 
@lucassheerio
    0911961727

🔷አድራሻ 🕋መርካቶ ጎንደር በረንዳ ግቢ ውስጥ ሁለተኛ ቅያስ ቤኪጃ ሶፍትዌር",@marakisat2,ተንቀሳቃሽ በድጋሚ አስገብተናል እና ያረጋል ለብዛት ነጋዴዎች የትም በሌለ ቅናሽ ይህንን ዕቃ መግዛት ወይም ማዘዝ ከፈለጉ አድራሻ መርካቶ ጎንደር በረንዳ ግቢ ውስጥ ሁለተኛ ቅያስ ቤኪጃ ሶፍትዌር
5/19/2025 7:31,,"ጠፍቶ የነበረው LIFESTAR 50"" SMART TV ወደገበያ ተመልሷል በብዛትም በፍሬም መሸጥ ጀምረናል!

-SMART 
- ANDROID 9.0
-STORAGE 8GB
-RAM 1.5GB
-DOUBLE SCREEN 
-2 YEARS WARRANTY 
-FAIR PRICE 

በብዛትም ሆነ በፍሬ ለመግዛት በ 0920553973 ይደውሉ!

አድራሻ መርካቶ ራጉኤል የገበያ ማእከል ሱ.ቁ 33",@marakisat2,ጠፍቶ የነበረው ወደገበያ ተመልሷል በብዛትም በፍሬም መሸጥ ጀምረናል በብዛትም ሆነ በፍሬ ለመግዛት በ ይደውሉ አድራሻ መርካቶ ራጉኤል የገበያ ማእከል ሱቁ
5/17/2025 12:00,,ባለ4 HDMI SPLITTER በጥሩ ዋጋ,@marakisat2,ባለ በጥሩ ዋጋ
5/17/2025 11:59,,"ጨርሰን የነበረውን ባለ2 HDMI SPLITTER በድጋሜ ብዛት አስገብተናል!

ዋጋችን የትም የለም!",@marakisat2,ጨርሰን የነበረውን ባለ በድጋሜ ብዛት አስገብተናል ዋጋችን የትም የለም
5/17/2025 11:50,,"ዘመን የማይሽራቸውን በፀሀይም ሆነ በዝናብ በጥራት የሚሰሩትን የLIFESTAR HIGH QUALITY LNBዎች በብዛት አስገብተናል!

LNB LIFESTAR 118-D (ባለ1 )
LNB LIFESTAR P-12+ (ባለ 2 )
LNB LIFESTAR P-13+ (ባለ4 )
LNB LIFESTAR P-11+ ( ባለ8 )

ለመግዛት/ለማዘዝ
   0911961727
@Lucassheerio",@marakisat2,ዘመን የማይሽራቸውን በፀሀይም ሆነ በዝናብ በጥራት የሚሰሩትን የ ዎች በብዛት አስገብተናል ባለ ባለ ባለ ባለ ለመግዛትለማዘዝ
5/17/2025 11:06,,"ተወዳጇ F-18 ሪሞት በምርጥ ዋጋ አስገብተናል!

ለመግዛት 0911961727
                  @lucassheerio",@marakisat2,ተወዳጇ ሪሞት በምርጥ ዋጋ አስገብተናል ለመግዛት
5/17/2025 11:04,,RM-024S  የቲቪ ዩኒቨርሳል በብዛት አስገብተናል!,@marakisat2,የቲቪ ዩኒቨርሳል በብዛት አስገብተናል
5/17/2025 11:03,,1033++ የሪሲቨር ዩኒቨርሳል በብዛት አስገብተናል!,@marakisat2,የሪሲቨር ዩኒቨርሳል በብዛት አስገብተናል
5/17/2025 10:56,,"✅HIKVISION - WR12C✅

እጅግ በጣም ፈጣን የቤት ውስጥ ባለ4 አንቴና ዋይ-ፋይ ራውተር

✅AC1200 Wireless Router

  ✅Four 5-dBi amplified antennas
  ✅Beamforming optimizes signal
  ✅Dual band – Smart signal switching
  ✅Broadband account synchronization

🤫   1200Mbps😋

ሙሉ መረጃ www.hikvision.com

💰 6,700 ብር

ይህንን ዕቃ ለመግዛት 0911961727 ይደውሉ!
@lucassheerio
አድራሻ 🕋መርካቶ አንዋር መስጂድ ጎንደር በረንዳ ግቢ ውስጥ ቤኪ ጃ ሶፍትዌር",@marakisat2,እጅግ በጣም ፈጣን የቤት ውስጥ ባለ አንቴና ዋይፋይ ራውተር ሙሉ መረጃ ብር ይህንን ዕቃ ለመግዛት ይደውሉ አድራሻ መርካቶ አንዋር መስጂድ ጎንደር በረንዳ ግቢ ውስጥ ቤኪ ጃ ሶፍትዌር
5/8/2025 15:19,,"ብዛት ያላቸውን የኤሌክትሮኒክስ እቃዎች ወደተለያዩ የሀገሪቷ ክፍሎች እየላክን እንገኛለን።

እርስዎም የሚፈልጉትን የኤሌክትሮኒክስ እቃዎች ባሉበት ሆነው ይዘዙን በአንድ ቀን እናደርስሎታለን።

ለማዘዝ @lucassheerio
                  0911961727

🤙ዋጋችን ተመራጭ ያደርገናል!",@marakisat2,ብዛት ያላቸውን የኤሌክትሮኒክስ እቃዎች ወደተለያዩ የሀገሪቷ ክፍሎች እየላክን እንገኛለን። እርስዎም የሚፈልጉትን የኤሌክትሮኒክስ እቃዎች ባሉበት ሆነው ይዘዙን በአንድ ቀን እናደርስሎታለን። ለማዘዝ ዋጋችን ተመራጭ ያደርገናል
5/6/2025 10:55,,"🇹🇷 NEXT MULTISWITCH 🇹🇷

✅4 የተለያዩ ሳተላይቶችን ለ32 ክፍሎች የሚያደርስልን ወሳኝ  እቃ!

✅ለሆቴሎች፣ ለአፓርትመንቶች፣ለኮንዶሚኒየሞች፣ለህንፃዎች፣ ለጋራ መኖሪያ ኮምፓውንዶች የሚሆን 

✅ይህንን ዕቃ መግዛት ወይም ማዘዝ ከፈለጉ 
  
🧑‍💻 @lucassheerio
 ☎️  0911961727

🇪🇹አድራሻ 🕋መርካቶ አንዋር መስጂድ ጎንደር በረንዳ ግቢ ውስጥ ሁለተኛ ቅያስ ቤኪጃ ሶፍትዌር",@marakisat2,የተለያዩ ሳተላይቶችን ለ ክፍሎች የሚያደርስልን ወሳኝ እቃ ለሆቴሎች፣ ለአፓርትመንቶች፣ለኮንዶሚኒየሞች፣ለህንፃዎች፣ ለጋራ መኖሪያ ኮምፓውንዶች የሚሆን ይህንን ዕቃ መግዛት ወይም ማዘዝ ከፈለጉ አድራሻ መርካቶ አንዋር መስጂድ ጎንደር በረንዳ ግቢ ውስጥ ሁለተኛ ቅያስ ቤኪጃ ሶፍትዌር
5/2/2025 14:07,,ቀጣይ ሳምንት የሚገባ አዲስ MAGIC M1 XCRUISER TV SMART ማድረጊያ ብዙ ሰዎች እየጠየቃችሁን ስለሆነ ሳምንት በትዕግስት ጠብቁን!,@marakisat2,ቀጣይ ሳምንት የሚገባ አዲስ ማድረጊያ ብዙ ሰዎች እየጠየቃችሁን ስለሆነ ሳምንት በትዕግስት ጠብቁን
4/26/2025 11:08,,"XCRUISER V8 BOX ሸጠን ጨርሰናል!

ብዙ ሰዎች እየደላችሁ እየጠየቃችሁን ነው! እኛ ሸጠን ጨርሰናል።

ከኛ ብዛት የወሰዱ Reselleroch ጋር መግዛት ትችላላችሁ!",@marakisat2,ሸጠን ጨርሰናል ብዙ ሰዎች እየደላችሁ እየጠየቃችሁን ነው እኛ ሸጠን ጨርሰናል። ከኛ ብዛት የወሰዱ ጋር መግዛት ትችላላችሁ
4/24/2025 16:40,,"ተወዳጁን XCRUISER V8 BOX ሸጠን ጨርሰናል! 

ክፍለሀገር ያላችሁ ደንበኞቻችን እሱን ብላችሁ ብር አታስገቡ!",@marakisat2,ተወዳጁን ሸጠን ጨርሰናል ክፍለሀገር ያላችሁ ደንበኞቻችን እሱን ብላችሁ ብር አታስገቡ
4/22/2025 14:31,,"ረጅም ጊዜ ጠፍቶ የነበረው ባለብረት በተኑ የLifestar Remote በብዛት አስገብተናል።

ለሁሉም Lifestar/goldstar/superstar ሞዴሎች ቀጥታ ያዛል


ለመግዛት
@lucassheerio
  0911961727",@marakisat2,ረጅም ጊዜ ጠፍቶ የነበረው ባለብረት በተኑ የ በብዛት አስገብተናል። ለሁሉም ሞዴሎች ቀጥታ ያዛል ለመግዛት
4/20/2025 5:45,,"ለመላው የክርስትና እምነት ተከታዮች በሙሉ እንኳን ለብርሃነ ትንሣኤው አደረሳችሁ ::

መልካም በዓል እመኝላችኃለው 🙏",@marakisat2,ለመላው የክርስትና እምነት ተከታዮች በሙሉ እንኳን ለብርሃነ ትንሣኤው አደረሳችሁ መልካም በዓል እመኝላችኃለው
4/17/2025 14:50,,"⚡️X400 TV STAND⚡️

⚡️- ከቡኒው መስቀያ ተሻሽሎ የተሰራ

⚡️- ከፍ ዝቅ ይላል ፣ Tvውን ከግድግዳው ወደ ውጪ ወጣ ገባ እንዲል ያረጋል ፣ ወደ ግራ ወደ ቀኝ 180 Degree እንዲዘዋወር ያረጋል።

⚡️- ከ 32 Inch እስከ 50 Inch ድረስ ዘና አርጎ የሚሰቅል።
- ለየትኛውም ዓይነት Brand TV መሆን ይችላል።

በምርጥ ዋጋ ከኛ ያገኛሉ።
  0911961727
@lucassheerio",@marakisat2,ከቡኒው መስቀያ ተሻሽሎ የተሰራ ከፍ ዝቅ ይላል ፣ ውን ከግድግዳው ወደ ውጪ ወጣ ገባ እንዲል ያረጋል ፣ ወደ ግራ ወደ ቀኝ እንዲዘዋወር ያረጋል። ከ እስከ ድረስ ዘና አርጎ የሚሰቅል። ለየትኛውም ዓይነት መሆን ይችላል። በምርጥ ዋጋ ከኛ ያገኛሉ።
4/15/2025 12:49,,"🇹🇷NEXT YE17/32🇹🇷

✅ጠፍቶ የነበረውን 4 ሳተላይቶችን ለ32 ክፍል ማሰራጨት የሚችለውን 17/32 Next Multiswitch በሚገርም ቅናሽ አስገብተናል!

✅ለመግዛት 0911961727
                     @lucassheerio",@marakisat2,ጠፍቶ የነበረውን ሳተላይቶችን ለ ክፍል ማሰራጨት የሚችለውን በሚገርም ቅናሽ አስገብተናል ለመግዛት
4/15/2025 12:49,,"🇹🇷 NEXT MULTISWITCH 🇹🇷

በቅርቡ አዲስ አበባ ውስጥ ግዴታ ይደረጋል የተባለው የመልቲስዊች ቴክ ስራ ነው!

✅በ1 ዲሽ እስከ 500 ክፍሎች ድረስ ማሰራጨት ይችላሉ። 

✅ይህንን ዕቃ መግዛት ወይም ማዘዝ ከፈለጉ 
  
🧑‍💻 @lucassheerio
 ☎️  0911961727

🇪🇹አድራሻ 🕋መርካቶ አንዋር መስጂድ ጎንደር በረንዳ ግቢ ውስጥ ሁለተኛ ቅያስ ቤኪጃ ሶፍትዌር",@marakisat2,በቅርቡ አዲስ አበባ ውስጥ ግዴታ ይደረጋል የተባለው የመልቲስዊች ቴክ ስራ ነው በ ዲሽ እስከ ክፍሎች ድረስ ማሰራጨት ይችላሉ። ይህንን ዕቃ መግዛት ወይም ማዘዝ ከፈለጉ አድራሻ መርካቶ አንዋር መስጂድ ጎንደር በረንዳ ግቢ ውስጥ ሁለተኛ ቅያስ ቤኪጃ ሶፍትዌር
4/13/2025 17:26,,አዲስ አበባ የምትገኙ MULTISWITCH SYSTEM ሙሉ ዝርጋታ የምትሰሩ ፕሮፌሽናል ቴክኒሻኖች ካላችሁ እና ከእኛ ጋር መስራት የምትፈልጉ @lucassheerio ላይ DM አድርጉልን።,@marakisat2,አዲስ አበባ የምትገኙ ሙሉ ዝርጋታ የምትሰሩ ፕሮፌሽናል ቴክኒሻኖች ካላችሁ እና ከእኛ ጋር መስራት የምትፈልጉ ላይ አድርጉልን።
4/13/2025 7:15,,"ለክርስትና እምነት ተከታዮች በሙሉ እንኳን ለሆሳእና በአል በሰላም አደረሳችሁ!

🌿🌿ሆሳእና በአርያም🌿🌿",@marakisat2,ለክርስትና እምነት ተከታዮች በሙሉ እንኳን ለሆሳእና በአል በሰላም አደረሳችሁ ሆሳእና በአርያም
4/13/2025 7:12,,"✅ለሆቴሎች፣ ለአፓርትመንቶች፣ለኮንዶሚኒየሞች፣ለህንፃዎች፣ ለጋራ መኖሪያ ኮምፓውንዶች የሚሆኑ የተለያዩ አይነት ስራን የሚያቀሉ ለMultiswitch ስራ ወሳኝ የሆኑ እቃዎችን በብዛት አስገብተናል!

✅እነዚህን ዕቃዎች መግዛት ወይም ማዘዝ ከፈለጉ 
  
🧑‍💻 @lucassheerio
 ☎️  0911961727

🇪🇹አድራሻ 🕋መርካቶ አንዋር መስጂድ ጎንደር በረንዳ ግቢ ውስጥ ሁለተኛ ቅያስ ቤኪጃ ሶፍትዌር",@marakisat2,ለሆቴሎች፣ ለአፓርትመንቶች፣ለኮንዶሚኒየሞች፣ለህንፃዎች፣ ለጋራ መኖሪያ ኮምፓውንዶች የሚሆኑ የተለያዩ አይነት ስራን የሚያቀሉ ለ ስራ ወሳኝ የሆኑ እቃዎችን በብዛት አስገብተናል እነዚህን ዕቃዎች መግዛት ወይም ማዘዝ ከፈለጉ አድራሻ መርካቶ አንዋር መስጂድ ጎንደር በረንዳ ግቢ ውስጥ ሁለተኛ ቅያስ ቤኪጃ ሶፍትዌር
4/12/2025 16:00,,"✍️LATE INFO 

✅Goldstar 7200/7500  - 50birr
✅Lifestar 9200/9300 - 50birr
✅Superstar 96/97 -150birr

ጨምረዋል!",@marakisat2,ጨምረዋል
4/12/2025 10:48,,"MI 2K C300 Security Camera

በሚገርም ቅናሽ ለብዛት ገዢዎች!

0911961727
@lucassheerio",@marakisat2,በሚገርም ቅናሽ ለብዛት ገዢዎች
4/12/2025 9:47,,"✅ብዛት ያላቸውን የኤሌክትሮኒክስ እቃዎች ወደተለያዩ የሀገሪቷ ክፍሎች በሚገርም ቅናሽ እየላክን እንገኛለን።

✅እርስዎም የሚፈልጉት የኤሌክትሮኒክስ እቃ ሲኖር ይዘዙን በአንድ ቀን ውስጥ ያሉበት እናደርሳለን!

☎️ለማዘዝ 0911961727 
                   @lucassheerio",@marakisat2,ብዛት ያላቸውን የኤሌክትሮኒክስ እቃዎች ወደተለያዩ የሀገሪቷ ክፍሎች በሚገርም ቅናሽ እየላክን እንገኛለን። እርስዎም የሚፈልጉት የኤሌክትሮኒክስ እቃ ሲኖር ይዘዙን በአንድ ቀን ውስጥ ያሉበት እናደርሳለን ለማዘዝ
4/7/2025 17:46,,"🟦4G/5G LTE WIRELESS MODEM🟦

🔷ተንቀሳቃሽ Router በድጋሚ አስገብተናል!

🔷- ETHIOTELECOM እና SAFARICOM NETWORK SUPPORT ያረጋል!

🔷ይህንን ዕቃ መግዛት ወይም ማዘዝ ከፈለጉ 
@lucassheerio
    0911961727

🔷አድራሻ 🕋መርካቶ ጎንደር በረንዳ ግቢ ውስጥ ሁለተኛ ቅያስ ቤኪጃ ሶፍትዌር",@marakisat2,ተንቀሳቃሽ በድጋሚ አስገብተናል እና ያረጋል ይህንን ዕቃ መግዛት ወይም ማዘዝ ከፈለጉ አድራሻ መርካቶ ጎንደር በረንዳ ግቢ ውስጥ ሁለተኛ ቅያስ ቤኪጃ ሶፍትዌር
4/7/2025 17:46,,"✅HAKI HK2020
✅HAKI HK3030

ቆንጆ Size እና አሪፍ እቃነት ያለው በጣም ቅናሽ የሆነ ሪሲቨር በብዛት አስገብተናል!

😎በብዛት ብቻ ለነጋዴ በጣም ቆንጆ ዋጋ!

ለመግዛት @Lucassheerio
                     0911961727",@marakisat2,ቆንጆ እና አሪፍ እቃነት ያለው በጣም ቅናሽ የሆነ ሪሲቨር በብዛት አስገብተናል በብዛት ብቻ ለነጋዴ በጣም ቆንጆ ዋጋ ለመግዛት
4/7/2025 14:52,,"MI 2K SECURITY CAMERA

በጥሩ ዋጋ !",@marakisat2,በጥሩ ዋጋ
4/7/2025 14:52,,"EZVIZ TY2 CAMERA - FULL HD CAMERA

•በቅድሚያ እራሱ Cameraw ላይ እስከ 256GB Memmory በማድረግ እላዩ ላይ Record አድርጎ Save ያረጋል ሲሞላም እየሰረዘ አዳዲሱን ቀን Save ያረጋል። እስከ 30 ቀን ያስጠቅማል።
•Mi Home የተሰኘውን Application በመጠቀም ዓለማችን ላይ ከየትኛውም ስፍራ በመሆን Videoውን ማየት ፣ Cameraውን 360 Degree ማዟዟር ፣ ድምፅ መስማት እንዲሁም Cameraው አጠገብ ያሉ ሰዎችን ማነጋገር ይችላሉ።
•በ AI የታገዘ SOFTWARE ስላለው የፈለጉትን ሰዓት መርጠው በዛ ሰዓት ላይ የሰው እና የንብረት እንቅስቃሴ ሲኖር መልክት እንዲደርስዎ ማድረግ ይችላሉ።
- በቀን እና በሰዓት ከፋፍሎ Memmory ላይ ስለሚያስቀምጥ የፈለግነውን መርጠን ማየት እንችላለን።
- Memmory ላይ ያለውን በስልካችን ማየት እና Download ማድረግ እንችላለን።

ይህንን ዕቃ መግዛት ወይም ማዘዝ ከፈለጉ 
@lucassheerio
    0911961727",@marakisat2,በቅድሚያ እራሱ ላይ እስከ በማድረግ እላዩ ላይ አድርጎ ያረጋል ሲሞላም እየሰረዘ አዳዲሱን ቀን ያረጋል። እስከ ቀን ያስጠቅማል። የተሰኘውን በመጠቀም ዓለማችን ላይ ከየትኛውም ስፍራ በመሆን ውን ማየት ፣ ውን ማዟዟር ፣ ድምፅ መስማት እንዲሁም ው አጠገብ ያሉ ሰዎችን ማነጋገር ይችላሉ። በ የታገዘ ስላለው የፈለጉትን ሰዓት መርጠው በዛ ሰዓት ላይ የሰው እና የንብረት እንቅስቃሴ ሲኖር መልክት እንዲደርስዎ ማድረግ ይችላሉ። በቀን እና በሰዓት ከፋፍሎ ላይ ስለሚያስቀምጥ የፈለግነውን መርጠን ማየት እንችላለን። ላይ ያለውን በስልካችን ማየት እና ማድረግ እንችላለን። ይህንን ዕቃ መግዛት ወይም ማዘዝ ከፈለጉ
6/17/2025 11:05,,"🔠🔠🔠🔠🔠🔠 🔠🔠🔠🔠
ቡና ማፍያ ማሽን
✔️SKOEDI Single Cup Coffee Maker 
SKOEDI⬇️ Single Cup Coffee Maker With removal filter basket 
Reusable mesh filter Power button with indicator light

ዋጋ💵፦ 3400 ብር

ውስን ፍሬ ነው የቀረው ❌❌

Telegram - t.me/qnashcom
⚡️ጥራት 🔼 ዋስትና 🛍 ቅናሽ

🏬 አድራሻ ፦ 
🗺ቁጥር 1 :- መገናኛ ዘፍመሽ ግራንድ ሞል 3 ተኛ ፎቅ ቁጥር 329 

🗺ቁጥር 2 :- ጀሞ 1 ከለላ ህንፃ ግራውንድ ለይ G07 

❌❌ ማሳሰብያ: ሱቃችን ሲመጡ ትክክለኛ የኛ ሱቅ መሆኑ ያረጋግጡ  የራሳችን ሎጎ መኖሩን እና 329 / G07 መሆኑ ያረጋግጡ !

ስልክ:
📱 0946966440
📱 0992606060
📱 0905464599",@qnashcom,ቡና ማፍያ ማሽን ዋጋ፦ ብር ውስን ፍሬ ነው የቀረው ጥራት ዋስትና ቅናሽ አድራሻ ፦ ቁጥር መገናኛ ዘፍመሽ ግራንድ ሞል ተኛ ፎቅ ቁጥር ቁጥር ጀሞ ከለላ ህንፃ ግራውንድ ለይ ማሳሰብያ ሱቃችን ሲመጡ ትክክለኛ የኛ ሱቅ መሆኑ ያረጋግጡ የራሳችን ሎጎ መኖሩን እና መሆኑ ያረጋግጡ ስልክ
6/14/2025 9:30,,"📌📣 Silicone Gel Bath Brush

🟢Cleanse and refresh skin with a gentle lather
🟢Also great for household cleaning and scrubbing.
🟢Widened design, intimate double-sided, can be easily extracted with silicone material, which is more convenient
🟢Soft and comfortable foaming, the main squirting out of the main foam, easy to clean
🟢Size: 70x11.5cm


     💲 ዋጋ፦  350 ብር

📣 ለማዘዝ = @Orderqnash

ውስን ፍሬ ነው የቀረው ❌❌
< Limited Stock ❌

Telegram - t.me/qnashcom
🔼ጥራት ✔️ ዋስትና 🛍 ቅናሽ

🏬 አድራሻ ፦ 
ቁጥር 1 :- መገናኛ ዘፍመሽ ግራንድ ሞል 3 ተኛ ፎቅ ቁጥር 329 

ቁጥር 2 :- ጀሞ 1 ከለላ ህንፃ ግራውንድ ለይ G07 

❌❌ ማሳሰብያ: ሱቃችን ሲመጡ ትክክለኛ የኛ ሱቅ መሆኑ ያረጋግጡ  የራሳችን ሎጎ መኖሩን እና 329 / G07 መሆኑ ያረጋግጡ !

ስልክ:
📱0946966440
📱0992606060
📱0905464599",@qnashcom,ዋጋ፦ ብር ለማዘዝ ውስን ፍሬ ነው የቀረው ጥራት ዋስትና ቅናሽ አድራሻ ፦ ቁጥር መገናኛ ዘፍመሽ ግራንድ ሞል ተኛ ፎቅ ቁጥር ቁጥር ጀሞ ከለላ ህንፃ ግራውንድ ለይ ማሳሰብያ ሱቃችን ሲመጡ ትክክለኛ የኛ ሱቅ መሆኑ ያረጋግጡ የራሳችን ሎጎ መኖሩን እና መሆኑ ያረጋግጡ ስልክ
6/12/2025 19:10,,"📌🦴 Knife ቢላ 

☄️ High Quality 

🥩የስጋ, 🦴 የአጥንት 

              💸 1000 ብር

📣 ለማዘዝ = @Orderqnash


ውስን ፍሬ ነው የቀረው ❌❌
Limited Stock ❌

Telegram - t.me/qnashcom
🔼ጥራት ✔️ ዋስትና 🛍 ቅናሽ

🏬 አድራሻ ፦ 
ቁጥር 1 :- መገናኛ ዘፍመሽ ግራንድ ሞል 3 ተኛ ፎቅ ቁጥር 329 

ቁጥር 2 :- ጀሞ 1 ከለላ ህንፃ ግራውንድ ለይ G07 

❌❌ ማሳሰብያ: ሱቃችን ሲመጡ ትክክለኛ የኛ ሱቅ መሆኑ ያረጋግጡ  የራሳችን ሎጎ መኖሩን እና 329 / G07 መሆኑ ያረጋግጡ !

ስልክ:
📱0946966440
📱0992606060
📱0905464599",@qnashcom,ቢላ የስጋ የአጥንት ብር ለማዘዝ ውስን ፍሬ ነው የቀረው ጥራት ዋስትና ቅናሽ አድራሻ ፦ ቁጥር መገናኛ ዘፍመሽ ግራንድ ሞል ተኛ ፎቅ ቁጥር ቁጥር ጀሞ ከለላ ህንፃ ግራውንድ ለይ ማሳሰብያ ሱቃችን ሲመጡ ትክክለኛ የኛ ሱቅ መሆኑ ያረጋግጡ የራሳችን ሎጎ መኖሩን እና መሆኑ ያረጋግጡ ስልክ
6/10/2025 12:33,,"🦟⚽️ Baby Mosquito Net

✔️ ተጣጣፊ ቅልጥ ያለ የልጆች አጎበር

💵ዋጋ፦ ✔️ 1300 እና 1400 ብር

ውስን ፍሬ ነው የቀረው ❌❌
< Limited Stock ❌

Telegram - t.me/qnashcom
✅ ጥራት ✅ ዋስትና ✅ ቅናሽ

🏬 አድራሻ ፦ 
ቁጥር 1 :- መገናኛ ዘፍመሽ ግራንድ ሞል 3 ተኛ ፎቅ ቁጥር 329 

ቁጥር 2 :- ጀሞ 1 ከለላ ህንፃ ግራውንድ ለይ G07 

❌❌ ማሳሰብያ: ሱቃችን ሲመጡ ትክክለኛ የኛ ሱቅ መሆኑ ያረጋግጡ  የራሳችን ሎጎ መኖሩን እና 329 / G07 መሆኑ ያረጋግጡ !

ስልክ:
📱0946966440
📱0992606060
📱0905464599",@qnashcom,ተጣጣፊ ቅልጥ ያለ የልጆች አጎበር ዋጋ፦ እና ብር ውስን ፍሬ ነው የቀረው ጥራት ዋስትና ቅናሽ አድራሻ ፦ ቁጥር መገናኛ ዘፍመሽ ግራንድ ሞል ተኛ ፎቅ ቁጥር ቁጥር ጀሞ ከለላ ህንፃ ግራውንድ ለይ ማሳሰብያ ሱቃችን ሲመጡ ትክክለኛ የኛ ሱቅ መሆኑ ያረጋግጡ የራሳችን ሎጎ መኖሩን እና መሆኑ ያረጋግጡ ስልክ
6/9/2025 9:55,,"➡️🔼 Hair Dye Brush Bottle

✔️Made of quality plastic material
✔️Great tool for hair dyeing use
✔️Easy to mix hair color potion
✔️Suitable for both professional or home DIY use
✔️Attached with a comb, durable and safe to use
✔️Bottle with scale, easy to mix hair color potio

              💲 ዋጋ፦ 200 ብር 

ውስን ፍሬ ነው የቀረው ❌❌
< Limited Stock ❌

Telegram - t.me/qnashcom
🛍 ጥራት ☄️ዋስትና 🔼 ቅናሽ

🏬 አድራሻ ፦ 
ቁጥር 1 :- መገናኛ ዘፍመሽ ግራንድ ሞል 3 ተኛ ፎቅ ቁጥር 329 

ቁጥር 2 :- ጀሞ 1 ከለላ ህንፃ ግራውንድ ለይ G07 

❌❌ ማሳሰብያ: ሱቃችን ሲመጡ ትክክለኛ የኛ ሱቅ መሆኑ ያረጋግጡ  የራሳችን ሎጎ መኖሩን እና 329 / G07 መሆኑ ያረጋግጡ !

ስልክ:
📱0946966440
📱0992606060
📱0905464599",@qnashcom,ዋጋ፦ ብር ውስን ፍሬ ነው የቀረው ጥራት ዋስትና ቅናሽ አድራሻ ፦ ቁጥር መገናኛ ዘፍመሽ ግራንድ ሞል ተኛ ፎቅ ቁጥር ቁጥር ጀሞ ከለላ ህንፃ ግራውንድ ለይ ማሳሰብያ ሱቃችን ሲመጡ ትክክለኛ የኛ ሱቅ መሆኑ ያረጋግጡ የራሳችን ሎጎ መኖሩን እና መሆኑ ያረጋግጡ ስልክ
6/8/2025 15:14,,"📌☄️ Orignal Kirkland Signature Hair Regrowth Treatment

📣 Take Control Of Your Hair Loss
✔️ #1 Dermatologist Recommended

        ዋጋ💵፦ አንድ ፍሬ = 1500 ብር
             💵ስድስት ፍሬ = 7800 ብር 

💵 Derma Roller = 600 ብር

📣 ለማዘዝ = @Orderqnash

ውስን ፍሬ ነው የቀረው ❌❌

Telegram - t.me/qnashcom
⚡️ጥራት 🔼 ዋስትና 🛍 ቅናሽ

🏬 አድራሻ ፦ 
🗺ቁጥር 1 :- መገናኛ ዘፍመሽ ግራንድ ሞል 3 ተኛ ፎቅ ቁጥር 329 

🗺ቁጥር 2 :- ጀሞ 1 ከለላ ህንፃ ግራውንድ ለይ G07 

❌❌ ማሳሰብያ: ሱቃችን ሲመጡ ትክክለኛ የኛ ሱቅ መሆኑ ያረጋግጡ  የራሳችን ሎጎ መኖሩን እና 329 / G07 መሆኑ ያረጋግጡ !

ስልክ:
📱 0946966440
📱 0992606060
📱 0905464599",@qnashcom,ዋጋ፦ አንድ ፍሬ ብር ስድስት ፍሬ ብር ብር ለማዘዝ ውስን ፍሬ ነው የቀረው ጥራት ዋስትና ቅናሽ አድራሻ ፦ ቁጥር መገናኛ ዘፍመሽ ግራንድ ሞል ተኛ ፎቅ ቁጥር ቁጥር ጀሞ ከለላ ህንፃ ግራውንድ ለይ ማሳሰብያ ሱቃችን ሲመጡ ትክክለኛ የኛ ሱቅ መሆኑ ያረጋግጡ የራሳችን ሎጎ መኖሩን እና መሆኑ ያረጋግጡ ስልክ
6/6/2025 9:24,,"እንኳን ለ1,446ኛው ዒድ አል-አደሃ (አረፋ) በዓል አደረሳችሁ!

በፍቅር፣ በደስታና በአብሮነት የምታከብሩት መልካም የዒድ አል-አደሃ (አረፋ) በዓል እንዲሆንላችሁ ከልብ እንመኛለን።

✨ዒድ ሙባረክ!",@qnashcom,እንኳን ለኛው ዒድ አልአደሃ አረፋ በዓል አደረሳችሁ በፍቅር፣ በደስታና በአብሮነት የምታከብሩት መልካም የዒድ አልአደሃ አረፋ በዓል እንዲሆንላችሁ ከልብ እንመኛለን። ዒድ ሙባረክ
6/5/2025 19:17,,"📌☄️ Orignal Kirkland Signature Hair Regrowth Treatment

📣 Take Control Of Your Hair Loss
✔️ #1 Dermatologist Recommended

        ዋጋ💵፦ አንድ ፍሬ = 1500 ብር
             💵ስድስት ፍሬ = 7800 ብር 

📣 ለማዘዝ = @Orderqnash

ውስን ፍሬ ነው የቀረው ❌❌

Telegram - t.me/qnashcom
⚡️ጥራት 🔼 ዋስትና 🛍 ቅናሽ

🏬 አድራሻ ፦ 
🗺ቁጥር 1 :- መገናኛ ዘፍመሽ ግራንድ ሞል 3 ተኛ ፎቅ ቁጥር 329 

🗺ቁጥር 2 :- ጀሞ 1 ከለላ ህንፃ ግራውንድ ለይ G07 

❌❌ ማሳሰብያ: ሱቃችን ሲመጡ ትክክለኛ የኛ ሱቅ መሆኑ ያረጋግጡ  የራሳችን ሎጎ መኖሩን እና 329 / G07 መሆኑ ያረጋግጡ !

ስልክ:
📱 0946966440
📱 0992606060
📱 0905464599",@qnashcom,ዋጋ፦ አንድ ፍሬ ብር ስድስት ፍሬ ብር ለማዘዝ ውስን ፍሬ ነው የቀረው ጥራት ዋስትና ቅናሽ አድራሻ ፦ ቁጥር መገናኛ ዘፍመሽ ግራንድ ሞል ተኛ ፎቅ ቁጥር ቁጥር ጀሞ ከለላ ህንፃ ግራውንድ ለይ ማሳሰብያ ሱቃችን ሲመጡ ትክክለኛ የኛ ሱቅ መሆኑ ያረጋግጡ የራሳችን ሎጎ መኖሩን እና መሆኑ ያረጋግጡ ስልክ
6/4/2025 10:05,,"☄️Spa Gel Socks

⚡️ ለእግር ልስላሴ 
⚡️ ለሚሰነጣጠቅ እግር
⚡️ ድርቀትን የሚያለሰልስ
⚡️ የሚታጠብ

           💲ዋጋ፦ 450 ብር 

ውስን ፍሬ ነው የቀረው ❌❌
< Limited Stock ❌

Telegram - t.me/qnashcom
Website - www.qnash.com
🔼 ጥራት ✔️ዋስትና 🛍 ቅናሽ

🏬 አድራሻ ፦ 
ቁጥር 1 :- መገናኛ ዘፍመሽ ግራንድ ሞል 3 ተኛ ፎቅ ቁጥር 329 

ቁጥር 2 :- ጀሞ 1 ከለላ ህንፃ ግራውንድ ለይ G07 

❌❌ ማሳሰብያ: ሱቃችን ሲመጡ ትክክለኛ የኛ ሱቅ መሆኑ ያረጋግጡ  የራሳችን ሎጎ መኖሩን እና 329 / G07 መሆኑ ያረጋግጡ !
ስልክ: 
ስልክ:
📱0946966440
📱0992606060
📱0905464599",@qnashcom,ለእግር ልስላሴ ለሚሰነጣጠቅ እግር ድርቀትን የሚያለሰልስ የሚታጠብ ዋጋ፦ ብር ውስን ፍሬ ነው የቀረው ጥራት ዋስትና ቅናሽ አድራሻ ፦ ቁጥር መገናኛ ዘፍመሽ ግራንድ ሞል ተኛ ፎቅ ቁጥር ቁጥር ጀሞ ከለላ ህንፃ ግራውንድ ለይ ማሳሰብያ ሱቃችን ሲመጡ ትክክለኛ የኛ ሱቅ መሆኑ ያረጋግጡ የራሳችን ሎጎ መኖሩን እና መሆኑ ያረጋግጡ ስልክ ስልክ
6/2/2025 11:42,,"📣 IMPULSE SEALER

✔️ የላስቲክ ማሸጊያ
✔️ በኤሌክትሪክ የሚሰራ
✔️ለባልትና  
✔️ምግብ አሽጎ ለማስቀመጥ

➡️ 20cm ስፋት  💵2350
➡️ 30cm ስፋት  💵2800
➡️ 40cm ስፋት  💵3400

📣 ለማዘዝ = @Orderqnash

ውስን ፍሬ ነው የቀረው ❌❌
< Limited Stock 📌

Telegram - t.me/qnashcom
Telegram - t.me/qnashcom
🔼ጥራት ✔️ ዋስትና 🛍ቅናሽ

🏬 አድራሻ ፦ 
🗺ቁጥር 1 :- መገናኛ ዘፍመሽ ግራንድ ሞል 3 ተኛ ፎቅ ቁጥር 329 

🗺ቁጥር 2 :- ጀሞ 1 ከለላ ህንፃ ግራውንድ ለይ G07 

❌❌ ማሳሰብያ: ሱቃችን ሲመጡ ትክክለኛ የኛ ሱቅ መሆኑ ያረጋግጡ  የራሳችን ሎጎ መኖሩን እና 329 / G07 መሆኑ ያረጋግጡ !

ስልክ:
📱0946966440
📱0992606060
📱0905464599",@qnashcom,የላስቲክ ማሸጊያ በኤሌክትሪክ የሚሰራ ለባልትና ምግብ አሽጎ ለማስቀመጥ ስፋት ስፋት ስፋት ለማዘዝ ውስን ፍሬ ነው የቀረው ጥራት ዋስትና ቅናሽ አድራሻ ፦ ቁጥር መገናኛ ዘፍመሽ ግራንድ ሞል ተኛ ፎቅ ቁጥር ቁጥር ጀሞ ከለላ ህንፃ ግራውንድ ለይ ማሳሰብያ ሱቃችን ሲመጡ ትክክለኛ የኛ ሱቅ መሆኑ ያረጋግጡ የራሳችን ሎጎ መኖሩን እና መሆኑ ያረጋግጡ ስልክ
5/29/2025 8:22,,"🔥 Laptop Table With Cup Holder
     💯High Quality ‼️

⚡️Size: 60×40×28 CM
⚡️ Available Color: Light Blue, Light Green, Light Pink 

       💵3700 ብር

📣 ለማዘዝ = @Orderqnash

Telegram - t.me/qnashcom 👉

☄️ጥራት ✔️ ዋስትና 🛍 ቅናሽ

🏬 አድራሻ ፦ 
ቁጥር 1 :- መገናኛ ዘፍመሽ ግራንድ ሞል 3 ተኛ ፎቅ ቁጥር 329 

ቁጥር 2 :- ጀሞ 1 ከለላ ህንፃ ግራውንድ ለይ G07 

❌❌ ማሳሰብያ: ሱቃችን ሲመጡ ትክክለኛ የኛ ሱቅ መሆኑ ያረጋግጡ  የራሳችን ሎጎ መኖሩን እና 329 / G07 መሆኑ ያረጋግጡ !

ስልክ:
📱0946966440
📱0992606060
📱0905464599",@qnashcom,ብር ለማዘዝ ጥራት ዋስትና ቅናሽ አድራሻ ፦ ቁጥር መገናኛ ዘፍመሽ ግራንድ ሞል ተኛ ፎቅ ቁጥር ቁጥር ጀሞ ከለላ ህንፃ ግራውንድ ለይ ማሳሰብያ ሱቃችን ሲመጡ ትክክለኛ የኛ ሱቅ መሆኑ ያረጋግጡ የራሳችን ሎጎ መኖሩን እና መሆኑ ያረጋግጡ ስልክ
5/27/2025 10:10,,"🚮🚮🚮🗑🗑🗑🗑🚮🚮🚮🗑🗑🗑የቆሻሻ መጣያ ፕላስቲክ ከረጢት
GARBAGE BAGS

➡️ መቋጠሪያ ያለው
➡️  እንደገና ጥቅም ላይ ሊውል የሚችል
➡️ ጠንካራ
➡️ እርጥበት የማያሳልፍ
➡️ በመሬት ውስጥ ሊበሰብስ የሚችል

💵 ትንሹ 30 ብዛት, 50cm * 50cm = 350 ብር
💵 መካከለኛ 20 ብዛት, 62cm * 80cm = 350 ብር  
💵 ትልቁ 10 ብዛት, 74 cm * 103cm = 350 ብር

📣 ለማዘዝ = @Orderqnash

ውስን ፍሬ ነው የቀረው ❌❌❌

Telegram - t.me/qnashcom
🔼 ጥራት ✔️ዋስትና 🛍ቅናሽ

🏬 አድራሻ ፦ 
ቁጥር 1 :- መገናኛ ዘፍመሽ ግራንድ ሞል 3 ተኛ ፎቅ ቁጥር 329 

ቁጥር 2 :- ጀሞ 1 ከለላ ህንፃ ግራውንድ ለይ G07 

❌❌ ማሳሰብያ: ሱቃችን ሲመጡ ትክክለኛ የኛ ሱቅ መሆኑ ያረጋግጡ  የራሳችን ሎጎ መኖሩን እና 329 / G07 መሆኑ ያረጋግጡ !

ስልክ:
📱0946966440
📱0992606060
📱0905464599",@qnashcom,የቆሻሻ መጣያ ፕላስቲክ ከረጢት መቋጠሪያ ያለው እንደገና ጥቅም ላይ ሊውል የሚችል ጠንካራ እርጥበት የማያሳልፍ በመሬት ውስጥ ሊበሰብስ የሚችል ትንሹ ብዛት ብር መካከለኛ ብዛት ብር ትልቁ ብዛት ብር ለማዘዝ ውስን ፍሬ ነው የቀረው ጥራት ዋስትና ቅናሽ አድራሻ ፦ ቁጥር መገናኛ ዘፍመሽ ግራንድ ሞል ተኛ ፎቅ ቁጥር ቁጥር ጀሞ ከለላ ህንፃ ግራውንድ ለይ ማሳሰብያ ሱቃችን ሲመጡ ትክክለኛ የኛ ሱቅ መሆኑ ያረጋግጡ የራሳችን ሎጎ መኖሩን እና መሆኑ ያረጋግጡ ስልክ
5/24/2025 20:15,,"🔥📣 IINIMA® Coffee Grinder 

📌Stainless Steel Bowl to mill
        ⚡️coffee 
        ⚡️cardamom
        ⚡️nut 
        ⚡️Spices 
☄️150W

                 💲1500 ብር

Telegram - t.me/qnashcom 👉

☄️ጥራት ✔️ ዋስትና 🛍 ቅናሽ

📍አድራሻ ፦ 
🗺ቁጥር 1 :- መገናኛ ዘፍመሽ ግራንድ ሞል 3 ተኛ ፎቅ ቁጥር 329 

🗺ቁጥር 2 :- ጀሞ 1 ከለላ ህንፃ ግራውንድ ለይ G07 

❌❌ ማሳሰብያ: ሱቃችን ሲመጡ ትክክለኛ የኛ ሱቅ መሆኑ ያረጋግጡ  የራሳችን ሎጎ መኖሩን እና 329 / G07 መሆኑ ያረጋግጡ !

ስልክ:
📱0946966440
📱0992606060
📱0905464599",@qnashcom,ብር ጥራት ዋስትና ቅናሽ አድራሻ ፦ ቁጥር መገናኛ ዘፍመሽ ግራንድ ሞል ተኛ ፎቅ ቁጥር ቁጥር ጀሞ ከለላ ህንፃ ግራውንድ ለይ ማሳሰብያ ሱቃችን ሲመጡ ትክክለኛ የኛ ሱቅ መሆኑ ያረጋግጡ የራሳችን ሎጎ መኖሩን እና መሆኑ ያረጋግጡ ስልክ
5/24/2025 9:59,,"📌🔼 Long Sewer Cleaning Wire Spring

💯 ረጅሙ 1ሜትር ከ 60 ሳንቲም

✔️ቆሻሻ የደፈነብንን ቀዳዳዎች በቀላሉ ለመክፈት የማይመች ቦታ ላይ ዕቃ ለመሳብ ለመፈለግ የሚጠቅም 

😏Bringing more convenience to the people in their daily life.
⚡️Quality iron wire and pp material
⚡️Flexible spring cable and retractable claws
⚡️Long enough to get deep into drains
⚡️Remove any clogs and debris
⚡️For kitchen, bathroom, sinks, drain, tubs, etc.

📏Length :-  1ሜትር ከ 60 ሳንቲም 

       💵650 ብር

ውስን ፍሬ ነው የቀረው ❌❌❌

Telegram - t.me/qnashcom
🔼 ጥራት ✔️ዋስትና 🛍ቅናሽ

🏬 አድራሻ ፦ 
ቁጥር 1 :- መገናኛ ዘፍመሽ ግራንድ ሞል 3 ተኛ ፎቅ ቁጥር 329 

ቁጥር 2 :- ጀሞ 1 ከለላ ህንፃ ግራውንድ ለይ G07 

❌❌ ማሳሰብያ: ሱቃችን ሲመጡ ትክክለኛ የኛ ሱቅ መሆኑ ያረጋግጡ  የራሳችን ሎጎ መኖሩን እና 329 / G07 መሆኑ ያረጋግጡ !

ስልክ:
📱0946966440
📱0992606060
📱0905464599",@qnashcom,ረጅሙ ሜትር ከ ሳንቲም ቆሻሻ የደፈነብንን ቀዳዳዎች በቀላሉ ለመክፈት የማይመች ቦታ ላይ ዕቃ ለመሳብ ለመፈለግ የሚጠቅም ሜትር ከ ሳንቲም ብር ውስን ፍሬ ነው የቀረው ጥራት ዋስትና ቅናሽ አድራሻ ፦ ቁጥር መገናኛ ዘፍመሽ ግራንድ ሞል ተኛ ፎቅ ቁጥር ቁጥር ጀሞ ከለላ ህንፃ ግራውንድ ለይ ማሳሰብያ ሱቃችን ሲመጡ ትክክለኛ የኛ ሱቅ መሆኑ ያረጋግጡ የራሳችን ሎጎ መኖሩን እና መሆኑ ያረጋግጡ ስልክ
5/23/2025 9:25,,"⚡️ Waterproof Tape ለሮቶ፥ለጣሪያ እና ለቧንቧ leakage መጠገኛ

📌 for Pipe Leakage 
📌 for Roof Water Leakage Solution 
📌 Aluminium Foil Tape Waterproof Adhesive Tape Sealing Butyl Rubber Tape for Surface Crack, Pipe Rupture ..

5 meter ..

       💲  ዋጋ፦  850 ብር

ውስን ፍሬ ነው የቀረው ❌❌
Limited stock ❌❌

Telegram - t.me/qnashcom
🔼ጥራት ✔️ ዋስትና 🛍 ቅናሽ

🏬 አድራሻ ፦ 
ቁጥር 1 :- መገናኛ ዘፍመሽ ግራንድ ሞል 3 ተኛ ፎቅ ቁጥር 329 

ቁጥር 2 :- ጀሞ 1 ከለላ ህንፃ ግራውንድ ለይ G07 

❌❌ ማሳሰብያ: ሱቃችን ሲመጡ ትክክለኛ የኛ ሱቅ መሆኑ ያረጋግጡ  የራሳችን ሎጎ መኖሩን እና 329 / G07 መሆኑ ያረጋግጡ !

ስልክ:
📱0946966440
📱0992606060
📱0905464599",@qnashcom,ለሮቶ፥ለጣሪያ እና ለቧንቧ መጠገኛ ዋጋ፦ ብር ውስን ፍሬ ነው የቀረው ጥራት ዋስትና ቅናሽ አድራሻ ፦ ቁጥር መገናኛ ዘፍመሽ ግራንድ ሞል ተኛ ፎቅ ቁጥር ቁጥር ጀሞ ከለላ ህንፃ ግራውንድ ለይ ማሳሰብያ ሱቃችን ሲመጡ ትክክለኛ የኛ ሱቅ መሆኑ ያረጋግጡ የራሳችን ሎጎ መኖሩን እና መሆኑ ያረጋግጡ ስልክ
5/22/2025 8:33,,"📣በቅናሽ በድጋሚ ገብቱዋል

📌📣 Heated Ceramic Hair Straightener Brush

⚡️ዘመናዊ አዲስ የፀጉር መተኮሻ  በኤሌክትሪክ የሚሰራ
⚡️ሌላ ሰዉ ሳያስፈልግዎ ራስዎ ፀጉርዎን በማበጠር ብቻ የሚተኩሱበት አዲስ ማበጠሪያ ፔስትራ 
⚡️ምንም አይነት ድምፅ የሌለዉ 
⚡️ፀጉር የማይጎዳ አስተማማኝ
⚡️ስትሬት እና ከርል የሚሰራ ዕቃ 
⚡️ግዜዎን የሚቆጥብ፣ የማያደክም

         💵 ዋጋ፦  1350 ❌ 1200 ✅

ውስን ፍሬ ነው የቀረው ❌❌
< Limited Stock ❌
🔼 ጥራት ✔️ዋስትና 🛍 ቅናሽ

🏬 አድራሻ ፦ 
🗺ቁጥር 1 :- መገናኛ ዘፍመሽ ግራንድ ሞል 3 ተኛ ፎቅ ቁጥር 329 

🗺ቁጥር 2 :- ጀሞ 1 ከለላ ህንፃ ግራውንድ ለይ G07 

❌❌ ማሳሰብያ: ሱቃችን ሲመጡ ትክክለኛ የኛ ሱቅ መሆኑ ያረጋግጡ  የራሳችን ሎጎ መኖሩን እና 329 / G07 መሆኑ ያረጋግጡ !

ስልክ:
📱0946966440
📱0992606060
📱0905464599",@qnashcom,በቅናሽ በድጋሚ ገብቱዋል ዘመናዊ አዲስ የፀጉር መተኮሻ በኤሌክትሪክ የሚሰራ ሌላ ሰዉ ሳያስፈልግዎ ራስዎ ፀጉርዎን በማበጠር ብቻ የሚተኩሱበት አዲስ ማበጠሪያ ፔስትራ ምንም አይነት ድምፅ የሌለዉ ፀጉር የማይጎዳ አስተማማኝ ስትሬት እና ከርል የሚሰራ ዕቃ ግዜዎን የሚቆጥብ፣ የማያደክም ዋጋ፦ ውስን ፍሬ ነው የቀረው ጥራት ዋስትና ቅናሽ አድራሻ ፦ ቁጥር መገናኛ ዘፍመሽ ግራንድ ሞል ተኛ ፎቅ ቁጥር ቁጥር ጀሞ ከለላ ህንፃ ግራውንድ ለይ ማሳሰብያ ሱቃችን ሲመጡ ትክክለኛ የኛ ሱቅ መሆኑ ያረጋግጡ የራሳችን ሎጎ መኖሩን እና መሆኑ ያረጋግጡ ስልክ
5/22/2025 7:37,,"📌 Self Adhesive Waterproof Sticker
         
☛Furniture & Wall Sticker
✓ውሀ የማያስገባ
✓ለኪችን ካቢኔትና ግርግዳ
✓ለባኞ ቤት ግድግዳ
✓ለመደርደሪያ፣ ለጠረቬዛ፣ ቁምሳጥንና ለተለያዩ ማስዋቢያ ቀዳሚ ተመራጭ

☛Furniture & Wall Sticker
✓Perfect for creating new looks
✓Easy to install
✓Multi-Function
✓#Color: #Black & #White 
☛#Size: 60CM x 5M


👉The Self Adhesive Waterproof Sticker can be used in a variety of settings, including walls, cabinets and drawers, counter tops, bookshelves, closet shelving, shelves, windows, and pantry areas.

 ዋጋ💵፦ 1000 ብር

📣 ለማዘዝ = @Orderqnash

ውስን ፍሬ ነው የቀረው ❌❌

Telegram - t.me/qnashcom
⚡️ጥራት 🔼 ዋስትና 🛍 ቅናሽ

🏬 አድራሻ ፦ 
🗺ቁጥር 1 :- መገናኛ ዘፍመሽ ግራንድ ሞል 3 ተኛ ፎቅ ቁጥር 329 

🗺ቁጥር 2 :- ጀሞ 1 ከለላ ህንፃ ግራውንድ ለይ G07 

❌❌ ማሳሰብያ: ሱቃችን ሲመጡ ትክክለኛ የኛ ሱቅ መሆኑ ያረጋግጡ  የራሳችን ሎጎ መኖሩን እና 329 / G07 መሆኑ ያረጋግጡ !

ስልክ:
📱 0946966440
📱 0992606060
📱 0905464599",@qnashcom,ውሀ የማያስገባ ለኪችን ካቢኔትና ግርግዳ ለባኞ ቤት ግድግዳ ለመደርደሪያ፣ ለጠረቬዛ፣ ቁምሳጥንና ለተለያዩ ማስዋቢያ ቀዳሚ ተመራጭ ዋጋ፦ ብር ለማዘዝ ውስን ፍሬ ነው የቀረው ጥራት ዋስትና ቅናሽ አድራሻ ፦ ቁጥር መገናኛ ዘፍመሽ ግራንድ ሞል ተኛ ፎቅ ቁጥር ቁጥር ጀሞ ከለላ ህንፃ ግራውንድ ለይ ማሳሰብያ ሱቃችን ሲመጡ ትክክለኛ የኛ ሱቅ መሆኑ ያረጋግጡ የራሳችን ሎጎ መኖሩን እና መሆኑ ያረጋግጡ ስልክ
5/21/2025 10:32,,"👍🔼  SCALP MASSAGER
የፀጉር መታጠብያ መታሻ 

✔️ wash- deep crescent with three pole side protrusions
✔️ massage- spft massage promotes massage of scaip by gently massage
✔️ massage with the elasticity of the point

💵 250 ብር

ውስን ፍሬ ነው የቀረው ❌❌❌

Telegram - t.me/qnashcom
🔼 ጥራት ✔️ዋስትና 🛍ቅናሽ

🏬 አድራሻ ፦ 
ቁጥር 1 :- መገናኛ ዘፍመሽ ግራንድ ሞል 3 ተኛ ፎቅ ቁጥር 329 

ቁጥር 2 :- ጀሞ 1 ከለላ ህንፃ ግራውንድ ለይ G07 

❌❌ ማሳሰብያ: ሱቃችን ሲመጡ ትክክለኛ የኛ ሱቅ መሆኑ ያረጋግጡ  የራሳችን ሎጎ መኖሩን እና 329 / G07 መሆኑ ያረጋግጡ !

ስልክ:
📱0946966440
📱0992606060
📱0905464599",@qnashcom,የፀጉር መታጠብያ መታሻ ብር ውስን ፍሬ ነው የቀረው ጥራት ዋስትና ቅናሽ አድራሻ ፦ ቁጥር መገናኛ ዘፍመሽ ግራንድ ሞል ተኛ ፎቅ ቁጥር ቁጥር ጀሞ ከለላ ህንፃ ግራውንድ ለይ ማሳሰብያ ሱቃችን ሲመጡ ትክክለኛ የኛ ሱቅ መሆኑ ያረጋግጡ የራሳችን ሎጎ መኖሩን እና መሆኑ ያረጋግጡ ስልክ
5/20/2025 18:17,,"🟢Portable Sealing Machine

🔼Button Switch 
➡️ east to use

⚠️ ይዞ ለመንቀሳቀስ ምቹ

ዋጋ💵፦ 600 ብር

ውስን ፍሬ ነው የቀረው ❌❌

Telegram - t.me/qnashcom
⚡️ጥራት 🔼 ዋስትና 🛍 ቅናሽ

🏬 አድራሻ ፦ 
🗺ቁጥር 1 :- መገናኛ ዘፍመሽ ግራንድ ሞል 3 ተኛ ፎቅ ቁጥር 329 

🗺ቁጥር 2 :- ጀሞ 1 ከለላ ህንፃ ግራውንድ ለይ G07 

❌❌ ማሳሰብያ: ሱቃችን ሲመጡ ትክክለኛ የኛ ሱቅ መሆኑ ያረጋግጡ  የራሳችን ሎጎ መኖሩን እና 329 / G07 መሆኑ ያረጋግጡ !

ስልክ:
📱 0946966440
📱 0992606060
📱 0905464599",@qnashcom,ይዞ ለመንቀሳቀስ ምቹ ዋጋ፦ ብር ውስን ፍሬ ነው የቀረው ጥራት ዋስትና ቅናሽ አድራሻ ፦ ቁጥር መገናኛ ዘፍመሽ ግራንድ ሞል ተኛ ፎቅ ቁጥር ቁጥር ጀሞ ከለላ ህንፃ ግራውንድ ለይ ማሳሰብያ ሱቃችን ሲመጡ ትክክለኛ የኛ ሱቅ መሆኑ ያረጋግጡ የራሳችን ሎጎ መኖሩን እና መሆኑ ያረጋግጡ ስልክ
5/15/2025 13:40,,"👠👟👠👠🥾👢🥿👟👡👠👠👟👟👡
36 pairs over the door shoe rack

➡️ በቀላሉ የሚገጣጠም የሚነቃቀል
➡️ኑሮን የሚያቀል
➡️ቦታ የማይዝ 
➡️ለአጠቃቀም በጣም ቀላል
➡️ባለ 12 መደርደሪያ 
➡️36 ጫማ የሚይዝ በር ላይ ተንጠልጣይ

📏Size 50*20*183cm

       ዋጋ💵፦ 3000 ብር

📣 ለማዘዝ = @Orderqnash

ውስን ፍሬ ነው የቀረው ❌❌

Telegram - t.me/qnashcom
⚡️ጥራት 🔼 ዋስትና 🛍 ቅናሽ

🏬 አድራሻ ፦ 
🗺ቁጥር 1 :- መገናኛ ዘፍመሽ ግራንድ ሞል 3 ተኛ ፎቅ ቁጥር 329 

🗺ቁጥር 2 :- ጀሞ 1 ከለላ ህንፃ ግራውንድ ለይ G07 

❌❌ ማሳሰብያ: ሱቃችን ሲመጡ ትክክለኛ የኛ ሱቅ መሆኑ ያረጋግጡ  የራሳችን ሎጎ መኖሩን እና 329 / G07 መሆኑ ያረጋግጡ !

ስልክ:
📱 0946966440
📱 0992606060
📱 0905464599",@qnashcom,በቀላሉ የሚገጣጠም የሚነቃቀል ኑሮን የሚያቀል ቦታ የማይዝ ለአጠቃቀም በጣም ቀላል ባለ መደርደሪያ ጫማ የሚይዝ በር ላይ ተንጠልጣይ ዋጋ፦ ብር ለማዘዝ ውስን ፍሬ ነው የቀረው ጥራት ዋስትና ቅናሽ አድራሻ ፦ ቁጥር መገናኛ ዘፍመሽ ግራንድ ሞል ተኛ ፎቅ ቁጥር ቁጥር ጀሞ ከለላ ህንፃ ግራውንድ ለይ ማሳሰብያ ሱቃችን ሲመጡ ትክክለኛ የኛ ሱቅ መሆኑ ያረጋግጡ የራሳችን ሎጎ መኖሩን እና መሆኑ ያረጋግጡ ስልክ
5/13/2025 9:54,,"💧 Cille Portable 1 Litter Water Bottle
አንድ ሊትር የውሃ ኮዳ
💯 High Quality ®️

➡️ BPA Free 
➡️ Leak Proof 
➡️ Large Capacity 
➡️ With Tea Infuser

    💵ዋጋ:- 700 ብር 

ውስን ፍሬ ነው የቀረው ❌❌
< Limited Stock ❌

Telegram - t.me/qnashcom
Telegram - t.me/qnashcom
⚡️ጥራት ✔️ ዋስትና 🛍 ቅናሽ

🏬 አድራሻ ፦ 
ቁጥር 1 :- መገናኛ ዘፍመሽ ግራንድ ሞል 3 ተኛ ፎቅ ቁጥር 329 

ቁጥር 2 :- ጀሞ 1 ከለላ ህንፃ ግራውንድ ለይ G07 

❌❌ ማሳሰብያ: ሱቃችን ሲመጡ ትክክለኛ የኛ ሱቅ መሆኑ ያረጋግጡ  የራሳችን ሎጎ መኖሩን እና 329 / G07 መሆኑ ያረጋግጡ !

ስልክ:
📱0946966440
📱0992606060
📱0905464599",@qnashcom,አንድ ሊትር የውሃ ኮዳ ዋጋ ብር ውስን ፍሬ ነው የቀረው ጥራት ዋስትና ቅናሽ አድራሻ ፦ ቁጥር መገናኛ ዘፍመሽ ግራንድ ሞል ተኛ ፎቅ ቁጥር ቁጥር ጀሞ ከለላ ህንፃ ግራውንድ ለይ ማሳሰብያ ሱቃችን ሲመጡ ትክክለኛ የኛ ሱቅ መሆኑ ያረጋግጡ የራሳችን ሎጎ መኖሩን እና መሆኑ ያረጋግጡ ስልክ
5/12/2025 13:53,,"📣🗑🗑  FOLDING Kitchen Wast Bin

💯💯 ወፍራሙ

🗑 ተጣጣፊ የቆሻሻ ማስቀመጫ
🗑 ከወፍራም ጎማ የተሰራ
🗑ይታጠፋል እንጂ የማይቀደድ
🗑 ኪችን ካቢኔት በር ላይ የሚለጠፍ
🗑 ለኪችን ንፅህና የሚመረጥ
🗑 የላሰሰቲክ መቆንጠጫ  ያለው
🗑 ሁለት የተለያየ መጠን ያላቸው ቅርጫቶች
🗑 የትም ቦታ ሊጠቀሙበት ይችላሉ

💵 ሁለቱንም በትልቁ እና በትንሹ  1600 ብር💵
💵ትልቁን ለብቻ = 1000 ብር 💵
💵ትንሹን ለብቻው  = 750 ብር 💵

ውስን ፍሬ ነው የቀረው ❌❌

Telegram - t.me/qnashcom
⚡️ጥራት 🔼 ዋስትና 🛍 ቅናሽ

🏬 አድራሻ ፦ 
🗺ቁጥር 1 :- መገናኛ ዘፍመሽ ግራንድ ሞል 3 ተኛ ፎቅ ቁጥር 329 

🗺ቁጥር 2 :- ጀሞ 1 ከለላ ህንፃ ግራውንድ ለይ G07 

❌❌ ማሳሰብያ: ሱቃችን ሲመጡ ትክክለኛ የኛ ሱቅ መሆኑ ያረጋግጡ  የራሳችን ሎጎ መኖሩን እና 329 / G07 መሆኑ ያረጋግጡ !

ስልክ:
📱 0946966440
📱 0992606060
📱 0905464599",@qnashcom,ወፍራሙ ተጣጣፊ የቆሻሻ ማስቀመጫ ከወፍራም ጎማ የተሰራ ይታጠፋል እንጂ የማይቀደድ ኪችን ካቢኔት በር ላይ የሚለጠፍ ለኪችን ንፅህና የሚመረጥ የላሰሰቲክ መቆንጠጫ ያለው ሁለት የተለያየ መጠን ያላቸው ቅርጫቶች የትም ቦታ ሊጠቀሙበት ይችላሉ ሁለቱንም በትልቁ እና በትንሹ ብር ትልቁን ለብቻ ብር ትንሹን ለብቻው ብር ውስን ፍሬ ነው የቀረው ጥራት ዋስትና ቅናሽ አድራሻ ፦ ቁጥር መገናኛ ዘፍመሽ ግራንድ ሞል ተኛ ፎቅ ቁጥር ቁጥር ጀሞ ከለላ ህንፃ ግራውንድ ለይ ማሳሰብያ ሱቃችን ሲመጡ ትክክለኛ የኛ ሱቅ መሆኑ ያረጋግጡ የራሳችን ሎጎ መኖሩን እና መሆኑ ያረጋግጡ ስልክ
5/11/2025 19:25,,"📣 Hair Steamer Cap
🔼 High Quality 

➡️የፀጉር እስቲመር ትሪትመንት ወይም ቅቤ ተቀብተው በቤቶ ሆነው የሚጠቀሙበት

          💵ዋጋ፦ 1000ብር

ውስን ፍሬ ነው የቀረው ❌❌
< Limited Stock ❌

Telegram - t.me/qnashcom
✅ ጥራት ✅ ዋስትና ✅ ቅናሽ

🏬 አድራሻ ፦ 
ቁጥር 1 :- መገናኛ ዘፍመሽ ግራንድ ሞል 3 ተኛ ፎቅ ቁጥር 329 

ቁጥር 2 :- ጀሞ 1 ከለላ ህንፃ ግራውንድ ለይ G07 

❌❌ ማሳሰብያ: ሱቃችን ሲመጡ ትክክለኛ የኛ ሱቅ መሆኑ ያረጋግጡ  የራሳችን ሎጎ መኖሩን እና 329 / G07 መሆኑ ያረጋግጡ !

ስልክ:
📱0946966440
📱0992606060
📱0905464599",@qnashcom,የፀጉር እስቲመር ትሪትመንት ወይም ቅቤ ተቀብተው በቤቶ ሆነው የሚጠቀሙበት ዋጋ፦ ብር ውስን ፍሬ ነው የቀረው ጥራት ዋስትና ቅናሽ አድራሻ ፦ ቁጥር መገናኛ ዘፍመሽ ግራንድ ሞል ተኛ ፎቅ ቁጥር ቁጥር ጀሞ ከለላ ህንፃ ግራውንድ ለይ ማሳሰብያ ሱቃችን ሲመጡ ትክክለኛ የኛ ሱቅ መሆኑ ያረጋግጡ የራሳችን ሎጎ መኖሩን እና መሆኑ ያረጋግጡ ስልክ
5/9/2025 10:54,,"❇️ Electronic Kitchen Scale

📣ዲጂታል ሚዛን

⚡️ምግቦችን ማዘጋጀት ስንፈልግ
በአንድ ጊዜ እስከ ከ 0.1ግራም እስከ 10ኪሎ ድረስ መመዘን የሚያስችል
✔️ሲመዝኑ የግራሙንም መጠን የሚያሳይ 
✔️ለፈርማሲ መድሀኒቶችን ለመቀመም
በግራም መመዘን ስለምንችል 
✔️ለቢሮ ለኪችን ለኢንዱስትሪ ለላብራቶሪ
✔️የራሱ ባትሪ ያለዉ 

➡️ Equipped with a high precision strain gauge sensor system 
➡️ LCD Display 
➡️Model: SF-400
          
       💵1100 ብር

📣 ለማዘዝ = @Orderqnash

ውስን ፍሬ ነው የቀረው ❌❌❌

Telegram - t.me/qnashcom
🔼 ጥራት ✔️ዋስትና 🛍ቅናሽ

🏬 አድራሻ ፦ 
ቁጥር 1 :- መገናኛ ዘፍመሽ ግራንድ ሞል 3 ተኛ ፎቅ ቁጥር 329 

ቁጥር 2 :- ጀሞ 1 ከለላ ህንፃ ግራውንድ ለይ G07 

❌❌ ማሳሰብያ: ሱቃችን ሲመጡ ትክክለኛ የኛ ሱቅ መሆኑ ያረጋግጡ  የራሳችን ሎጎ መኖሩን እና 329 / G07 መሆኑ ያረጋግጡ !

ስልክ:
📱0946966440
📱0992606060
📱0905464599",@qnashcom,ዲጂታል ሚዛን ምግቦችን ማዘጋጀት ስንፈልግ በአንድ ጊዜ እስከ ከ ግራም እስከ ኪሎ ድረስ መመዘን የሚያስችል ሲመዝኑ የግራሙንም መጠን የሚያሳይ ለፈርማሲ መድሀኒቶችን ለመቀመም በግራም መመዘን ስለምንችል ለቢሮ ለኪችን ለኢንዱስትሪ ለላብራቶሪ የራሱ ባትሪ ያለዉ ብር ለማዘዝ ውስን ፍሬ ነው የቀረው ጥራት ዋስትና ቅናሽ አድራሻ ፦ ቁጥር መገናኛ ዘፍመሽ ግራንድ ሞል ተኛ ፎቅ ቁጥር ቁጥር ጀሞ ከለላ ህንፃ ግራውንድ ለይ ማሳሰብያ ሱቃችን ሲመጡ ትክክለኛ የኛ ሱቅ መሆኑ ያረጋግጡ የራሳችን ሎጎ መኖሩን እና መሆኑ ያረጋግጡ ስልክ
5/6/2025 15:37,,"📌🔥 የክሬም ቅርፅ ማውጫ

⚡️ 7 የተለያየ መቀያየሪያ ቅርፅ ያለው 

       💲  850 ብር

ውስን ፍሬ ነው የቀረው ❌❌

Telegram - t.me/qnashcom
Website - www.qnash.com
🔼ጥራት ✔️ ዋስትና 🛍 ቅናሽ

📍 አድራሻ ፦ 
ቁጥር 1 :- መገናኛ ዘፍመሽ ግራንድ ሞል 3 ተኛ ፎቅ ቁጥር 329 

ቁጥር 2 :- ጀሞ 1 ከለላ ህንፃ ግራውንድ ለይ G07 

❌❌ ማሳሰብያ: ሱቃችን ሲመጡ ትክክለኛ የኛ ሱቅ መሆኑ ያረጋግጡ  የራሳችን ሎጎ መኖሩን እና 329 / G07 መሆኑ ያረጋግጡ !

ስልክ:
📱0946966440
📱0992606060
📱0905464599",@qnashcom,የክሬም ቅርፅ ማውጫ የተለያየ መቀያየሪያ ቅርፅ ያለው ብር ውስን ፍሬ ነው የቀረው ጥራት ዋስትና ቅናሽ አድራሻ ፦ ቁጥር መገናኛ ዘፍመሽ ግራንድ ሞል ተኛ ፎቅ ቁጥር ቁጥር ጀሞ ከለላ ህንፃ ግራውንድ ለይ ማሳሰብያ ሱቃችን ሲመጡ ትክክለኛ የኛ ሱቅ መሆኑ ያረጋግጡ የራሳችን ሎጎ መኖሩን እና መሆኑ ያረጋግጡ ስልክ
5/5/2025 15:45,,"😃 የሸቶ መቀነሻ Mini spray pour

የሸቶ መቀነሻ  👉

       💵 200 ብር

ውስን ፍሬ ነው የቀረው ❌❌❌

Telegram - t.me/qnashcom
🔼 ጥራት ✔️ዋስትና 🛍ቅናሽ

🏬 አድራሻ ፦ 
ቁጥር 1 :- መገናኛ ዘፍመሽ ግራንድ ሞል 3 ተኛ ፎቅ ቁጥር 329 

ቁጥር 2 :- ጀሞ 1 ከለላ ህንፃ ግራውንድ ለይ G07 

❌❌ ማሳሰብያ: ሱቃችን ሲመጡ ትክክለኛ የኛ ሱቅ መሆኑ ያረጋግጡ  የራሳችን ሎጎ መኖሩን እና 329 / G07 መሆኑ ያረጋግጡ !

ስልክ:
📱0946966440
📱0992606060
📱0905464599",@qnashcom,የሸቶ መቀነሻ የሸቶ መቀነሻ ብር ውስን ፍሬ ነው የቀረው ጥራት ዋስትና ቅናሽ አድራሻ ፦ ቁጥር መገናኛ ዘፍመሽ ግራንድ ሞል ተኛ ፎቅ ቁጥር ቁጥር ጀሞ ከለላ ህንፃ ግራውንድ ለይ ማሳሰብያ ሱቃችን ሲመጡ ትክክለኛ የኛ ሱቅ መሆኑ ያረጋግጡ የራሳችን ሎጎ መኖሩን እና መሆኑ ያረጋግጡ ስልክ
5/4/2025 9:13,,"📣 ክቡራን ደንበኞቻችን እሁድ ሙሉ ቀን ሱቃችን ዝግ ነው ።

✔️ ከሰኞ እስከ ቅዳሜ ሙሉ ቀን ክፍት ነው

✔️ መልካም ሰንበት 


Telegram - t.me/qnashcom
Website - www.qnash.com
✔️ ጥራት 🔼 ዋስትና 🔥 ቅናሽ

🏬 አድራሻ ፦ 
ቁጥር 1 :- መገናኛ ዘፍመሽ ግራንድ ሞል 3 ተኛ ፎቅ ቁጥር 329 

ቁጥር 2 :- ጀሞ 1 ከለላ ህንፃ ግራውንድ ለይ G07 

❌❌ ማሳሰብያ: ሱቃችን ሲመጡ ትክክለኛ የኛ ሱቅ መሆኑ ያረጋግጡ  የራሳችን ሎጎ መኖሩን እና 329 / G07 መሆኑ ያረጋግጡ !

ስልክ:
📱0946966440
📱0992606060
📱0905464599",@qnashcom,ክቡራን ደንበኞቻችን እሁድ ሙሉ ቀን ሱቃችን ዝግ ነው ። ከሰኞ እስከ ቅዳሜ ሙሉ ቀን ክፍት ነው መልካም ሰንበት ጥራት ዋስትና ቅናሽ አድራሻ ፦ ቁጥር መገናኛ ዘፍመሽ ግራንድ ሞል ተኛ ፎቅ ቁጥር ቁጥር ጀሞ ከለላ ህንፃ ግራውንድ ለይ ማሳሰብያ ሱቃችን ሲመጡ ትክክለኛ የኛ ሱቅ መሆኑ ያረጋግጡ የራሳችን ሎጎ መኖሩን እና መሆኑ ያረጋግጡ ስልክ
5/3/2025 20:06,,"🥸 Derma Roller System 1.5Mm With 540 Micro Needles
ለፀጉሮ እና ለፂሞ ዕድገት
ለፊቶ ጥራት 

🔼የፊት ቆዳ ጤንነት ለመጠበቅ 
🔼የተጎዳ የፊት ገፅታን ውብ ለማረድግ ጠቃሚ
🔼ፊት ላይ የወጣን የቆዳ በሽታ
     እንዲሁም ጠባሳን ለማስወገድ ተመራጭ
🔼 እርጅናን ይቀንሳል
🔼የፀጉር መሳሳትን መመለጥን የሚከላከል

It has gained popularity in recent years as an accessible, effective, and relatively non-invasive skin treatment.

        💲ዋጋ፦    600 ብር 

📣 ለማዘዝ = @Orderqnash

ውስን ፍሬ ነው የቀረው ❌❌
< Limited Stock ❌

Telegram - t.me/qnashcom
☄️ጥራት ✔️ ዋስትና 🛍 ቅናሽ

🏬 አድራሻ ፦ 
ቁጥር 1 :- መገናኛ ዘፍመሽ ግራንድ ሞል 3 ተኛ ፎቅ ቁጥር 329 

ቁጥር 2 :- ጀሞ 1 ከለላ ህንፃ ግራውንድ ለይ G07 

❌❌ ማሳሰብያ: ሱቃችን ሲመጡ ትክክለኛ የኛ ሱቅ መሆኑ ያረጋግጡ  የራሳችን ሎጎ መኖሩን እና 329 / G07 መሆኑ ያረጋግጡ !

ስልክ:
📱0946966440
📱0992606060
📱0905464599",@qnashcom,ለፀጉሮ እና ለፂሞ ዕድገት ለፊቶ ጥራት የፊት ቆዳ ጤንነት ለመጠበቅ የተጎዳ የፊት ገፅታን ውብ ለማረድግ ጠቃሚ ፊት ላይ የወጣን የቆዳ በሽታ እንዲሁም ጠባሳን ለማስወገድ ተመራጭ እርጅናን ይቀንሳል የፀጉር መሳሳትን መመለጥን የሚከላከል ዋጋ፦ ብር ለማዘዝ ውስን ፍሬ ነው የቀረው ጥራት ዋስትና ቅናሽ አድራሻ ፦ ቁጥር መገናኛ ዘፍመሽ ግራንድ ሞል ተኛ ፎቅ ቁጥር ቁጥር ጀሞ ከለላ ህንፃ ግራውንድ ለይ ማሳሰብያ ሱቃችን ሲመጡ ትክክለኛ የኛ ሱቅ መሆኑ ያረጋግጡ የራሳችን ሎጎ መኖሩን እና መሆኑ ያረጋግጡ ስልክ
4/30/2025 18:11,,"🥛🥛Sokany Cartoon Cookie Maker 🎁 አነስተኛ የኩኪስ መስሪያ

🎁ለልጆ ለቁርስ ለምሳ ዕቃ 

🍪 Non-stick Coating 
🍪 Heat Rresistance 
🍪 Easy To Clean 
🍪 LED Lamp
🍪 550 W Power 
🍪 Double Side Heating

💵2700 ብር

📣 ለማዘዝ = @Orderqnash

Telegram - t.me/qnashcom 👉

☄️ጥራት ✔️ ዋስትና 🛍 ቅናሽ

🏬 አድራሻ ፦ 
ቁጥር 1 :- መገናኛ ዘፍመሽ ግራንድ ሞል 3 ተኛ ፎቅ ቁጥር 329 

ቁጥር 2 :- ጀሞ 1 ከለላ ህንፃ ግራውንድ ለይ G07 

❌❌ ማሳሰብያ: ሱቃችን ሲመጡ ትክክለኛ የኛ ሱቅ መሆኑ ያረጋግጡ  የራሳችን ሎጎ መኖሩን እና 329 / G07 መሆኑ ያረጋግጡ !

ስልክ:
📱0946966440
📱0992606060
📱0905464599",@qnashcom,አነስተኛ የኩኪስ መስሪያ ለልጆ ለቁርስ ለምሳ ዕቃ ብር ለማዘዝ ጥራት ዋስትና ቅናሽ አድራሻ ፦ ቁጥር መገናኛ ዘፍመሽ ግራንድ ሞል ተኛ ፎቅ ቁጥር ቁጥር ጀሞ ከለላ ህንፃ ግራውንድ ለይ ማሳሰብያ ሱቃችን ሲመጡ ትክክለኛ የኛ ሱቅ መሆኑ ያረጋግጡ የራሳችን ሎጎ መኖሩን እና መሆኑ ያረጋግጡ ስልክ
4/30/2025 10:18,,"📌🔥🦵Knee Pain Relief Patch 

🦵Specifically designed for maximum absorption into the knee so you can feel relieved instantly. 
🦵 Provides direct relief to any  affected area of the knee and without the side effects of regular medications 
🦵 Made from Chinese roots and herbs 
🦵 Has 10 medicated patches in one pack
          
             💲450 ብር

ውስን ፍሬ ነው የቀረው ❌❌           

Telegram - t.me/qnashcom 👉

☄️ጥራት ✔️ ዋስትና 🛍 ቅናሽ

📍አድራሻ ፦ 
🗺ቁጥር 1 :- መገናኛ ዘፍመሽ ግራንድ ሞል 3 ተኛ ፎቅ ቁጥር 329 

🗺ቁጥር 2 :- ጀሞ 1 ከለላ ህንፃ ግራውንድ ለይ G07 

❌❌ ማሳሰብያ: ሱቃችን ሲመጡ ትክክለኛ የኛ ሱቅ መሆኑ ያረጋግጡ  የራሳችን ሎጎ መኖሩን እና 329 / G07 መሆኑ ያረጋግጡ !

ስልክ:
📱0946966440
📱0992606060
📱0905464599",@qnashcom,ብር ውስን ፍሬ ነው የቀረው ጥራት ዋስትና ቅናሽ አድራሻ ፦ ቁጥር መገናኛ ዘፍመሽ ግራንድ ሞል ተኛ ፎቅ ቁጥር ቁጥር ጀሞ ከለላ ህንፃ ግራውንድ ለይ ማሳሰብያ ሱቃችን ሲመጡ ትክክለኛ የኛ ሱቅ መሆኑ ያረጋግጡ የራሳችን ሎጎ መኖሩን እና መሆኑ ያረጋግጡ ስልክ
