date,sender_id,message,channel
2025-06-17 08:05:31+00:00,,"ğŸ” ğŸ” ğŸ” ğŸ” ğŸ” ğŸ”  ğŸ” ğŸ” ğŸ” ğŸ” 
á‰¡áŠ“ áˆ›áá‹« áˆ›áˆ½áŠ•
âœ”ï¸SKOEDI Single Cup Coffee Maker 
SKOEDIâ¬‡ï¸ Single Cup Coffee Maker With removal filter basket 
Reusable mesh filter Power button with indicator light

á‹‹áŒ‹ğŸ’µá¦Â 3400 á‰¥áˆ­

á‹áˆµáŠ• ááˆ¬ áŠá‹ á‹¨á‰€áˆ¨á‹ âŒâŒ

Telegram - t.me/qnashcom
âš¡ï¸áŒ¥áˆ«á‰µ ğŸ”¼ á‹‹áˆµá‰µáŠ“ ğŸ› á‰…áŠ“áˆ½

ğŸ¬ áŠ á‹µáˆ«áˆ» á¦ 
ğŸ—ºá‰áŒ¥áˆ­ 1 :- áˆ˜áŒˆáŠ“áŠ› á‹˜ááˆ˜áˆ½ áŒáˆ«áŠ•á‹µ áˆáˆ 3 á‰°áŠ› áá‰… á‰áŒ¥áˆ­ 329 

ğŸ—ºá‰áŒ¥áˆ­ 2 :- áŒ€áˆ 1 áŠ¨áˆˆáˆ‹ áˆ…áŠ•áƒ áŒáˆ«á‹áŠ•á‹µ áˆˆá‹­ G07 

âŒâŒ áˆ›áˆ³áˆ°á‰¥á‹«: áˆ±á‰ƒá‰½áŠ• áˆ²áˆ˜áŒ¡ á‰µáŠ­áŠ­áˆˆáŠ› á‹¨áŠ› áˆ±á‰… áˆ˜áˆ†áŠ‘ á‹«áˆ¨áŒ‹áŒáŒ¡Â  á‹¨áˆ«áˆ³á‰½áŠ• áˆáŒ áˆ˜áŠ–áˆ©áŠ• áŠ¥áŠ“ 329 / G07 áˆ˜áˆ†áŠ‘ á‹«áˆ¨áŒ‹áŒáŒ¡ !

áˆµáˆáŠ­:
ğŸ“± 0946966440
ğŸ“± 0992606060
ğŸ“± 0905464599",@qnashcom
2025-06-14 06:30:24+00:00,,"ğŸ“ŒğŸ“£ Silicone Gel Bath Brush

ğŸŸ¢Cleanse and refresh skin with a gentle lather
ğŸŸ¢Also great for household cleaning and scrubbing.
ğŸŸ¢Widened design, intimate double-sided, can be easily extracted with silicone material, which is more convenient
ğŸŸ¢Soft and comfortable foaming, the main squirting out of the main foam, easy to clean
ğŸŸ¢Size: 70x11.5cm


Â Â Â Â Â ğŸ’² á‹‹áŒ‹á¦Â  350 á‰¥áˆ­

ğŸ“£ áˆˆáˆ›á‹˜á‹ = @Orderqnash

á‹áˆµáŠ• ááˆ¬ áŠá‹ á‹¨á‰€áˆ¨á‹ âŒâŒ
< Limited Stock âŒ

Telegram - t.me/qnashcom
ğŸ”¼áŒ¥áˆ«á‰µ âœ”ï¸ á‹‹áˆµá‰µáŠ“ ğŸ› á‰…áŠ“áˆ½

ğŸ¬ áŠ á‹µáˆ«áˆ» á¦ 
á‰áŒ¥áˆ­ 1 :- áˆ˜áŒˆáŠ“áŠ› á‹˜ááˆ˜áˆ½ áŒáˆ«áŠ•á‹µ áˆáˆ 3 á‰°áŠ› áá‰… á‰áŒ¥áˆ­ 329 

á‰áŒ¥áˆ­ 2 :- áŒ€áˆ 1 áŠ¨áˆˆáˆ‹ áˆ…áŠ•áƒ áŒáˆ«á‹áŠ•á‹µ áˆˆá‹­ G07 

âŒâŒ áˆ›áˆ³áˆ°á‰¥á‹«: áˆ±á‰ƒá‰½áŠ• áˆ²áˆ˜áŒ¡ á‰µáŠ­áŠ­áˆˆáŠ› á‹¨áŠ› áˆ±á‰… áˆ˜áˆ†áŠ‘ á‹«áˆ¨áŒ‹áŒáŒ¡Â  á‹¨áˆ«áˆ³á‰½áŠ• áˆáŒ áˆ˜áŠ–áˆ©áŠ• áŠ¥áŠ“ 329 / G07 áˆ˜áˆ†áŠ‘ á‹«áˆ¨áŒ‹áŒáŒ¡ !

áˆµáˆáŠ­:
ğŸ“±0946966440
ğŸ“±0992606060
ğŸ“±0905464599",@qnashcom
2025-06-14 06:30:24+00:00,,"ğŸ“ŒğŸ“£ Silicone Gel Bath Brush

ğŸŸ¢Cleanse and refresh skin with a gentle lather
ğŸŸ¢Also great for household cleaning and scrubbing.
ğŸŸ¢Widened design, intimate double-sided, can be easily extracted with silicone material, which is more convenient
ğŸŸ¢Soft and comfortable foaming, the main squirting out of the main foam, easy to clean
ğŸŸ¢Size: 70x11.5cm


Â Â Â Â Â ğŸ’² á‹‹áŒ‹á¦Â  350 á‰¥áˆ­

ğŸ“£ áˆˆáˆ›á‹˜á‹ = @Orderqnash

á‹áˆµáŠ• ááˆ¬ áŠá‹ á‹¨á‰€áˆ¨á‹ âŒâŒ
< Limited Stock âŒ

Telegram - t.me/qnashcom
ğŸ”¼áŒ¥áˆ«á‰µ âœ”ï¸ á‹‹áˆµá‰µáŠ“ ğŸ› á‰…áŠ“áˆ½

ğŸ¬ áŠ á‹µáˆ«áˆ» á¦ 
á‰áŒ¥áˆ­ 1 :- áˆ˜áŒˆáŠ“áŠ› á‹˜ááˆ˜áˆ½ áŒáˆ«áŠ•á‹µ áˆáˆ 3 á‰°áŠ› áá‰… á‰áŒ¥áˆ­ 329 

á‰áŒ¥áˆ­ 2 :- áŒ€áˆ 1 áŠ¨áˆˆáˆ‹ áˆ…áŠ•áƒ áŒáˆ«á‹áŠ•á‹µ áˆˆá‹­ G07 

âŒâŒ áˆ›áˆ³áˆ°á‰¥á‹«: áˆ±á‰ƒá‰½áŠ• áˆ²áˆ˜áŒ¡ á‰µáŠ­áŠ­áˆˆáŠ› á‹¨áŠ› áˆ±á‰… áˆ˜áˆ†áŠ‘ á‹«áˆ¨áŒ‹áŒáŒ¡Â  á‹¨áˆ«áˆ³á‰½áŠ• áˆáŒ áˆ˜áŠ–áˆ©áŠ• áŠ¥áŠ“ 329 / G07 áˆ˜áˆ†áŠ‘ á‹«áˆ¨áŒ‹áŒáŒ¡ !

áˆµáˆáŠ­:
ğŸ“±0946966440
ğŸ“±0992606060
ğŸ“±0905464599",@qnashcom
2025-06-13 11:49:49+00:00,,"ğŸ“ŒğŸ“£ Silicone Gel Bath Brush

ğŸŸ¢Cleanse and refresh skin with a gentle lather
ğŸŸ¢Also great for household cleaning and scrubbing.
ğŸŸ¢Widened design, intimate double-sided, can be easily extracted with silicone material, which is more convenient
ğŸŸ¢Soft and comfortable foaming, the main squirting out of the main foam, easy to clean
ğŸŸ¢Size: 70x11.5cm


Â Â Â Â Â ğŸ’² á‹‹áŒ‹á¦Â  350 á‰¥áˆ­

ğŸ“£ áˆˆáˆ›á‹˜á‹ = @Orderqnash

á‹áˆµáŠ• ááˆ¬ áŠá‹ á‹¨á‰€áˆ¨á‹ âŒâŒ
< Limited Stock âŒ

Telegram - t.me/qnashcom
ğŸ”¼áŒ¥áˆ«á‰µ âœ”ï¸ á‹‹áˆµá‰µáŠ“ ğŸ› á‰…áŠ“áˆ½

ğŸ¬ áŠ á‹µáˆ«áˆ» á¦ 
á‰áŒ¥áˆ­ 1 :- áˆ˜áŒˆáŠ“áŠ› á‹˜ááˆ˜áˆ½ áŒáˆ«áŠ•á‹µ áˆáˆ 3 á‰°áŠ› áá‰… á‰áŒ¥áˆ­ 329 

á‰áŒ¥áˆ­ 2 :- áŒ€áˆ 1 áŠ¨áˆˆáˆ‹ áˆ…áŠ•áƒ áŒáˆ«á‹áŠ•á‹µ áˆˆá‹­ G07 

âŒâŒ áˆ›áˆ³áˆ°á‰¥á‹«: áˆ±á‰ƒá‰½áŠ• áˆ²áˆ˜áŒ¡ á‰µáŠ­áŠ­áˆˆáŠ› á‹¨áŠ› áˆ±á‰… áˆ˜áˆ†áŠ‘ á‹«áˆ¨áŒ‹áŒáŒ¡Â  á‹¨áˆ«áˆ³á‰½áŠ• áˆáŒ áˆ˜áŠ–áˆ©áŠ• áŠ¥áŠ“ 329 / G07 áˆ˜áˆ†áŠ‘ á‹«áˆ¨áŒ‹áŒáŒ¡ !

áˆµáˆáŠ­:
ğŸ“±0946966440
ğŸ“±0992606060
ğŸ“±0905464599",@qnashcom
2025-06-12 16:10:21+00:00,,"ğŸ“ŒğŸ¦´ Knife á‰¢áˆ‹ 

â˜„ï¸ High Quality 

ğŸ¥©á‹¨áˆµáŒ‹, ğŸ¦´ á‹¨áŠ áŒ¥áŠ•á‰µ 

Â Â Â Â Â Â Â Â Â Â Â Â Â Â ğŸ’¸ 1000 á‰¥áˆ­

ğŸ“£ áˆˆáˆ›á‹˜á‹ = @Orderqnash


á‹áˆµáŠ• ááˆ¬ áŠá‹ á‹¨á‰€áˆ¨á‹ âŒâŒ
Limited Stock âŒ

Telegram - t.me/qnashcom
ğŸ”¼áŒ¥áˆ«á‰µ âœ”ï¸ á‹‹áˆµá‰µáŠ“ ğŸ› á‰…áŠ“áˆ½

ğŸ¬ áŠ á‹µáˆ«áˆ» á¦ 
á‰áŒ¥áˆ­ 1 :- áˆ˜áŒˆáŠ“áŠ› á‹˜ááˆ˜áˆ½ áŒáˆ«áŠ•á‹µ áˆáˆ 3 á‰°áŠ› áá‰… á‰áŒ¥áˆ­ 329 

á‰áŒ¥áˆ­ 2 :- áŒ€áˆ 1 áŠ¨áˆˆáˆ‹ áˆ…áŠ•áƒ áŒáˆ«á‹áŠ•á‹µ áˆˆá‹­ G07 

âŒâŒ áˆ›áˆ³áˆ°á‰¥á‹«: áˆ±á‰ƒá‰½áŠ• áˆ²áˆ˜áŒ¡ á‰µáŠ­áŠ­áˆˆáŠ› á‹¨áŠ› áˆ±á‰… áˆ˜áˆ†áŠ‘ á‹«áˆ¨áŒ‹áŒáŒ¡Â  á‹¨áˆ«áˆ³á‰½áŠ• áˆáŒ áˆ˜áŠ–áˆ©áŠ• áŠ¥áŠ“ 329 / G07 áˆ˜áˆ†áŠ‘ á‹«áˆ¨áŒ‹áŒáŒ¡ !

áˆµáˆáŠ­:
ğŸ“±0946966440
ğŸ“±0992606060
ğŸ“±0905464599",@qnashcom
2025-06-10 09:33:47+00:00,,"ğŸ¦Ÿâš½ï¸ Baby Mosquito Net

âœ”ï¸ á‰°áŒ£áŒ£áŠ á‰…áˆáŒ¥ á‹«áˆˆ á‹¨áˆáŒ†á‰½ áŠ áŒá‰ áˆ­

ğŸ’µá‹‹áŒ‹á¦ âœ”ï¸ 1300 áŠ¥áŠ“ 1400 á‰¥áˆ­

á‹áˆµáŠ• ááˆ¬ áŠá‹ á‹¨á‰€áˆ¨á‹ âŒâŒ
< Limited Stock âŒ

Telegram - t.me/qnashcom
âœ… áŒ¥áˆ«á‰µ âœ… á‹‹áˆµá‰µáŠ“ âœ… á‰…áŠ“áˆ½

ğŸ¬ áŠ á‹µáˆ«áˆ» á¦ 
á‰áŒ¥áˆ­ 1 :- áˆ˜áŒˆáŠ“áŠ› á‹˜ááˆ˜áˆ½ áŒáˆ«áŠ•á‹µ áˆáˆ 3 á‰°áŠ› áá‰… á‰áŒ¥áˆ­ 329 

á‰áŒ¥áˆ­ 2 :- áŒ€áˆ 1 áŠ¨áˆˆáˆ‹ áˆ…áŠ•áƒ áŒáˆ«á‹áŠ•á‹µ áˆˆá‹­ G07 

âŒâŒ áˆ›áˆ³áˆ°á‰¥á‹«: áˆ±á‰ƒá‰½áŠ• áˆ²áˆ˜áŒ¡ á‰µáŠ­áŠ­áˆˆáŠ› á‹¨áŠ› áˆ±á‰… áˆ˜áˆ†áŠ‘ á‹«áˆ¨áŒ‹áŒáŒ¡Â  á‹¨áˆ«áˆ³á‰½áŠ• áˆáŒ áˆ˜áŠ–áˆ©áŠ• áŠ¥áŠ“ 329 / G07 áˆ˜áˆ†áŠ‘ á‹«áˆ¨áŒ‹áŒáŒ¡ !

áˆµáˆáŠ­:
ğŸ“±0946966440
ğŸ“±0992606060
ğŸ“±0905464599",@qnashcom
2025-06-09 06:55:35+00:00,,"â¡ï¸ğŸ”¼ Hair Dye Brush Bottle

âœ”ï¸Made of quality plastic material
âœ”ï¸Great tool for hair dyeing use
âœ”ï¸Easy to mix hair color potion
âœ”ï¸Suitable for both professional or home DIY use
âœ”ï¸Attached with a comb, durable and safe to use
âœ”ï¸Bottle with scale, easy to mix hair color potio

Â Â Â Â Â Â Â Â Â Â Â Â Â  ğŸ’² á‹‹áŒ‹á¦ 200 á‰¥áˆ­ 

á‹áˆµáŠ• ááˆ¬ áŠá‹ á‹¨á‰€áˆ¨á‹ âŒâŒ
< Limited Stock âŒ

Telegram - t.me/qnashcom
ğŸ› áŒ¥áˆ«á‰µ â˜„ï¸á‹‹áˆµá‰µáŠ“ ğŸ”¼ á‰…áŠ“áˆ½

ğŸ¬ áŠ á‹µáˆ«áˆ» á¦ 
á‰áŒ¥áˆ­ 1 :- áˆ˜áŒˆáŠ“áŠ› á‹˜ááˆ˜áˆ½ áŒáˆ«áŠ•á‹µ áˆáˆ 3 á‰°áŠ› áá‰… á‰áŒ¥áˆ­ 329 

á‰áŒ¥áˆ­ 2 :- áŒ€áˆ 1 áŠ¨áˆˆáˆ‹ áˆ…áŠ•áƒ áŒáˆ«á‹áŠ•á‹µ áˆˆá‹­ G07 

âŒâŒ áˆ›áˆ³áˆ°á‰¥á‹«: áˆ±á‰ƒá‰½áŠ• áˆ²áˆ˜áŒ¡ á‰µáŠ­áŠ­áˆˆáŠ› á‹¨áŠ› áˆ±á‰… áˆ˜áˆ†áŠ‘ á‹«áˆ¨áŒ‹áŒáŒ¡Â  á‹¨áˆ«áˆ³á‰½áŠ• áˆáŒ áˆ˜áŠ–áˆ©áŠ• áŠ¥áŠ“ 329 / G07 áˆ˜áˆ†áŠ‘ á‹«áˆ¨áŒ‹áŒáŒ¡ !

áˆµáˆáŠ­:
ğŸ“±0946966440
ğŸ“±0992606060
ğŸ“±0905464599",@qnashcom
2025-06-08 12:14:24+00:00,,"ğŸ“Œâ˜„ï¸ Orignal Kirkland Signature Hair Regrowth Treatment

ğŸ“£ Take Control Of Your Hair Loss
âœ”ï¸ #1 Dermatologist Recommended

Â Â Â Â Â Â Â Â á‹‹áŒ‹ğŸ’µá¦Â áŠ áŠ•á‹µ ááˆ¬ = 1500 á‰¥áˆ­
Â Â Â Â Â Â Â Â Â Â Â Â  ğŸ’µáˆµá‹µáˆµá‰µ ááˆ¬ = 7800 á‰¥áˆ­ 

ğŸ’µ Derma Roller = 600 á‰¥áˆ­

ğŸ“£ áˆˆáˆ›á‹˜á‹ = @Orderqnash

á‹áˆµáŠ• ááˆ¬ áŠá‹ á‹¨á‰€áˆ¨á‹ âŒâŒ

Telegram - t.me/qnashcom
âš¡ï¸áŒ¥áˆ«á‰µ ğŸ”¼ á‹‹áˆµá‰µáŠ“ ğŸ› á‰…áŠ“áˆ½

ğŸ¬ áŠ á‹µáˆ«áˆ» á¦ 
ğŸ—ºá‰áŒ¥áˆ­ 1 :- áˆ˜áŒˆáŠ“áŠ› á‹˜ááˆ˜áˆ½ áŒáˆ«áŠ•á‹µ áˆáˆ 3 á‰°áŠ› áá‰… á‰áŒ¥áˆ­ 329 

ğŸ—ºá‰áŒ¥áˆ­ 2 :- áŒ€áˆ 1 áŠ¨áˆˆáˆ‹ áˆ…áŠ•áƒ áŒáˆ«á‹áŠ•á‹µ áˆˆá‹­ G07 

âŒâŒ áˆ›áˆ³áˆ°á‰¥á‹«: áˆ±á‰ƒá‰½áŠ• áˆ²áˆ˜áŒ¡ á‰µáŠ­áŠ­áˆˆáŠ› á‹¨áŠ› áˆ±á‰… áˆ˜áˆ†áŠ‘ á‹«áˆ¨áŒ‹áŒáŒ¡Â  á‹¨áˆ«áˆ³á‰½áŠ• áˆáŒ áˆ˜áŠ–áˆ©áŠ• áŠ¥áŠ“ 329 / G07 áˆ˜áˆ†áŠ‘ á‹«áˆ¨áŒ‹áŒáŒ¡ !

áˆµáˆáŠ­:
ğŸ“± 0946966440
ğŸ“± 0992606060
ğŸ“± 0905464599",@qnashcom
2025-06-07 12:37:21+00:00,,"ğŸ“Œâ˜„ï¸ Orignal Kirkland Signature Hair Regrowth Treatment

ğŸ“£ Take Control Of Your Hair Loss
âœ”ï¸ #1 Dermatologist Recommended

Â Â Â Â Â Â Â Â á‹‹áŒ‹ğŸ’µá¦Â áŠ áŠ•á‹µ ááˆ¬ = 1500 á‰¥áˆ­
Â Â Â Â Â Â Â Â Â Â Â Â  ğŸ’µáˆµá‹µáˆµá‰µ ááˆ¬ = 7800 á‰¥áˆ­ 

ğŸ’µ Derma Roller = 600 á‰¥áˆ­

ğŸ“£ áˆˆáˆ›á‹˜á‹ = @Orderqnash

á‹áˆµáŠ• ááˆ¬ áŠá‹ á‹¨á‰€áˆ¨á‹ âŒâŒ

Telegram - t.me/qnashcom
âš¡ï¸áŒ¥áˆ«á‰µ ğŸ”¼ á‹‹áˆµá‰µáŠ“ ğŸ› á‰…áŠ“áˆ½

ğŸ¬ áŠ á‹µáˆ«áˆ» á¦ 
ğŸ—ºá‰áŒ¥áˆ­ 1 :- áˆ˜áŒˆáŠ“áŠ› á‹˜ááˆ˜áˆ½ áŒáˆ«áŠ•á‹µ áˆáˆ 3 á‰°áŠ› áá‰… á‰áŒ¥áˆ­ 329 

ğŸ—ºá‰áŒ¥áˆ­ 2 :- áŒ€áˆ 1 áŠ¨áˆˆáˆ‹ áˆ…áŠ•áƒ áŒáˆ«á‹áŠ•á‹µ áˆˆá‹­ G07 

âŒâŒ áˆ›áˆ³áˆ°á‰¥á‹«: áˆ±á‰ƒá‰½áŠ• áˆ²áˆ˜áŒ¡ á‰µáŠ­áŠ­áˆˆáŠ› á‹¨áŠ› áˆ±á‰… áˆ˜áˆ†áŠ‘ á‹«áˆ¨áŒ‹áŒáŒ¡Â  á‹¨áˆ«áˆ³á‰½áŠ• áˆáŒ áˆ˜áŠ–áˆ©áŠ• áŠ¥áŠ“ 329 / G07 áˆ˜áˆ†áŠ‘ á‹«áˆ¨áŒ‹áŒáŒ¡ !

áˆµáˆáŠ­:
ğŸ“± 0946966440
ğŸ“± 0992606060
ğŸ“± 0905464599",@qnashcom
2025-06-06 06:24:15+00:00,,"áŠ¥áŠ•áŠ³áŠ• áˆˆ1,446áŠ›á‹ á‹’á‹µ áŠ áˆ-áŠ á‹°áˆƒ (áŠ áˆ¨á‹) á‰ á‹“áˆ áŠ á‹°áˆ¨áˆ³á‰½áˆ!

á‰ áá‰…áˆ­á£ á‰ á‹°áˆµá‰³áŠ“ á‰ áŠ á‰¥áˆ®áŠá‰µ á‹¨áˆá‰³áŠ¨á‰¥áˆ©á‰µ áˆ˜áˆáŠ«áˆ á‹¨á‹’á‹µ áŠ áˆ-áŠ á‹°áˆƒ (áŠ áˆ¨á‹) á‰ á‹“áˆ áŠ¥áŠ•á‹²áˆ†áŠ•áˆ‹á‰½áˆ áŠ¨áˆá‰¥ áŠ¥áŠ•áˆ˜áŠ›áˆˆáŠ•á¢

âœ¨á‹’á‹µ áˆ™á‰£áˆ¨áŠ­!",@qnashcom
2025-06-05 16:17:36+00:00,,"ğŸ“Œâ˜„ï¸ Orignal Kirkland Signature Hair Regrowth Treatment

ğŸ“£ Take Control Of Your Hair Loss
âœ”ï¸ #1 Dermatologist Recommended

Â Â Â Â Â Â Â Â á‹‹áŒ‹ğŸ’µá¦Â áŠ áŠ•á‹µ ááˆ¬ = 1500 á‰¥áˆ­
Â Â Â Â Â Â Â Â Â Â Â Â  ğŸ’µáˆµá‹µáˆµá‰µ ááˆ¬ = 7800 á‰¥áˆ­ 

ğŸ“£ áˆˆáˆ›á‹˜á‹ = @Orderqnash

á‹áˆµáŠ• ááˆ¬ áŠá‹ á‹¨á‰€áˆ¨á‹ âŒâŒ

Telegram - t.me/qnashcom
âš¡ï¸áŒ¥áˆ«á‰µ ğŸ”¼ á‹‹áˆµá‰µáŠ“ ğŸ› á‰…áŠ“áˆ½

ğŸ¬ áŠ á‹µáˆ«áˆ» á¦ 
ğŸ—ºá‰áŒ¥áˆ­ 1 :- áˆ˜áŒˆáŠ“áŠ› á‹˜ááˆ˜áˆ½ áŒáˆ«áŠ•á‹µ áˆáˆ 3 á‰°áŠ› áá‰… á‰áŒ¥áˆ­ 329 

ğŸ—ºá‰áŒ¥áˆ­ 2 :- áŒ€áˆ 1 áŠ¨áˆˆáˆ‹ áˆ…áŠ•áƒ áŒáˆ«á‹áŠ•á‹µ áˆˆá‹­ G07 

âŒâŒ áˆ›áˆ³áˆ°á‰¥á‹«: áˆ±á‰ƒá‰½áŠ• áˆ²áˆ˜áŒ¡ á‰µáŠ­áŠ­áˆˆáŠ› á‹¨áŠ› áˆ±á‰… áˆ˜áˆ†áŠ‘ á‹«áˆ¨áŒ‹áŒáŒ¡Â  á‹¨áˆ«áˆ³á‰½áŠ• áˆáŒ áˆ˜áŠ–áˆ©áŠ• áŠ¥áŠ“ 329 / G07 áˆ˜áˆ†áŠ‘ á‹«áˆ¨áŒ‹áŒáŒ¡ !

áˆµáˆáŠ­:
ğŸ“± 0946966440
ğŸ“± 0992606060
ğŸ“± 0905464599",@qnashcom
2025-06-05 08:29:08+00:00,,"ğŸ“Œâ˜„ï¸ Orignal Kirkland Signature Hair Regrowth Treatment

ğŸ“£ Take Control Of Your Hair Loss
âœ”ï¸ #1 Dermatologist Recommended

Â Â Â Â Â Â Â Â á‹‹áŒ‹ğŸ’µá¦Â áŠ áŠ•á‹µ ááˆ¬ = 1500 á‰¥áˆ­
Â Â Â Â Â Â Â Â Â Â Â Â  ğŸ’µáˆµá‹µáˆµá‰µ ááˆ¬ = 7800 á‰¥áˆ­ 

ğŸ“£ áˆˆáˆ›á‹˜á‹ = @Orderqnash

á‹áˆµáŠ• ááˆ¬ áŠá‹ á‹¨á‰€áˆ¨á‹ âŒâŒ

Telegram - t.me/qnashcom
âš¡ï¸áŒ¥áˆ«á‰µ ğŸ”¼ á‹‹áˆµá‰µáŠ“ ğŸ› á‰…áŠ“áˆ½

ğŸ¬ áŠ á‹µáˆ«áˆ» á¦ 
ğŸ—ºá‰áŒ¥áˆ­ 1 :- áˆ˜áŒˆáŠ“áŠ› á‹˜ááˆ˜áˆ½ áŒáˆ«áŠ•á‹µ áˆáˆ 3 á‰°áŠ› áá‰… á‰áŒ¥áˆ­ 329 

ğŸ—ºá‰áŒ¥áˆ­ 2 :- áŒ€áˆ 1 áŠ¨áˆˆáˆ‹ áˆ…áŠ•áƒ áŒáˆ«á‹áŠ•á‹µ áˆˆá‹­ G07 

âŒâŒ áˆ›áˆ³áˆ°á‰¥á‹«: áˆ±á‰ƒá‰½áŠ• áˆ²áˆ˜áŒ¡ á‰µáŠ­áŠ­áˆˆáŠ› á‹¨áŠ› áˆ±á‰… áˆ˜áˆ†áŠ‘ á‹«áˆ¨áŒ‹áŒáŒ¡Â  á‹¨áˆ«áˆ³á‰½áŠ• áˆáŒ áˆ˜áŠ–áˆ©áŠ• áŠ¥áŠ“ 329 / G07 áˆ˜áˆ†áŠ‘ á‹«áˆ¨áŒ‹áŒáŒ¡ !

áˆµáˆáŠ­:
ğŸ“± 0946966440
ğŸ“± 0992606060
ğŸ“± 0905464599",@qnashcom
2025-06-04 07:05:05+00:00,,"â˜„ï¸Spa Gel Socks

âš¡ï¸ áˆˆáŠ¥áŒáˆ­ áˆáˆµáˆ‹áˆ´ 
âš¡ï¸ áˆˆáˆšáˆ°áŠáŒ£áŒ á‰… áŠ¥áŒáˆ­
âš¡ï¸ á‹µáˆ­á‰€á‰µáŠ• á‹¨áˆšá‹«áˆˆáˆ°áˆáˆµ
âš¡ï¸ á‹¨áˆšá‰³áŒ á‰¥

Â Â Â Â Â Â Â Â Â Â  ğŸ’²á‹‹áŒ‹á¦ 450 á‰¥áˆ­ 

á‹áˆµáŠ• ááˆ¬ áŠá‹ á‹¨á‰€áˆ¨á‹ âŒâŒ
< Limited Stock âŒ

Telegram - t.me/qnashcom
Website - www.qnash.com
ğŸ”¼ áŒ¥áˆ«á‰µ âœ”ï¸á‹‹áˆµá‰µáŠ“ ğŸ› á‰…áŠ“áˆ½

ğŸ¬ áŠ á‹µáˆ«áˆ» á¦ 
á‰áŒ¥áˆ­ 1 :- áˆ˜áŒˆáŠ“áŠ› á‹˜ááˆ˜áˆ½ áŒáˆ«áŠ•á‹µ áˆáˆ 3 á‰°áŠ› áá‰… á‰áŒ¥áˆ­ 329 

á‰áŒ¥áˆ­ 2 :- áŒ€áˆ 1 áŠ¨áˆˆáˆ‹ áˆ…áŠ•áƒ áŒáˆ«á‹áŠ•á‹µ áˆˆá‹­ G07 

âŒâŒ áˆ›áˆ³áˆ°á‰¥á‹«: áˆ±á‰ƒá‰½áŠ• áˆ²áˆ˜áŒ¡ á‰µáŠ­áŠ­áˆˆáŠ› á‹¨áŠ› áˆ±á‰… áˆ˜áˆ†áŠ‘ á‹«áˆ¨áŒ‹áŒáŒ¡Â  á‹¨áˆ«áˆ³á‰½áŠ• áˆáŒ áˆ˜áŠ–áˆ©áŠ• áŠ¥áŠ“ 329 / G07 áˆ˜áˆ†áŠ‘ á‹«áˆ¨áŒ‹áŒáŒ¡ !
áˆµáˆáŠ­: 
áˆµáˆáŠ­:
ğŸ“±0946966440
ğŸ“±0992606060
ğŸ“±0905464599",@qnashcom
2025-06-03 12:44:58+00:00,,"â˜„ï¸Spa Gel Socks

âš¡ï¸ áˆˆáŠ¥áŒáˆ­ áˆáˆµáˆ‹áˆ´ 
âš¡ï¸ áˆˆáˆšáˆ°áŠáŒ£áŒ á‰… áŠ¥áŒáˆ­
âš¡ï¸ á‹µáˆ­á‰€á‰µáŠ• á‹¨áˆšá‹«áˆˆáˆ°áˆáˆµ
âš¡ï¸ á‹¨áˆšá‰³áŒ á‰¥

Â Â Â Â Â Â Â Â Â Â  ğŸ’²á‹‹áŒ‹á¦ 450 á‰¥áˆ­ 

á‹áˆµáŠ• ááˆ¬ áŠá‹ á‹¨á‰€áˆ¨á‹ âŒâŒ
< Limited Stock âŒ

Telegram - t.me/qnashcom
Website - www.qnash.com
ğŸ”¼ áŒ¥áˆ«á‰µ âœ”ï¸á‹‹áˆµá‰µáŠ“ ğŸ› á‰…áŠ“áˆ½

ğŸ¬ áŠ á‹µáˆ«áˆ» á¦ 
á‰áŒ¥áˆ­ 1 :- áˆ˜áŒˆáŠ“áŠ› á‹˜ááˆ˜áˆ½ áŒáˆ«áŠ•á‹µ áˆáˆ 3 á‰°áŠ› áá‰… á‰áŒ¥áˆ­ 329 

á‰áŒ¥áˆ­ 2 :- áŒ€áˆ 1 áŠ¨áˆˆáˆ‹ áˆ…áŠ•áƒ áŒáˆ«á‹áŠ•á‹µ áˆˆá‹­ G07 

âŒâŒ áˆ›áˆ³áˆ°á‰¥á‹«: áˆ±á‰ƒá‰½áŠ• áˆ²áˆ˜áŒ¡ á‰µáŠ­áŠ­áˆˆáŠ› á‹¨áŠ› áˆ±á‰… áˆ˜áˆ†áŠ‘ á‹«áˆ¨áŒ‹áŒáŒ¡Â  á‹¨áˆ«áˆ³á‰½áŠ• áˆáŒ áˆ˜áŠ–áˆ©áŠ• áŠ¥áŠ“ 329 / G07 áˆ˜áˆ†áŠ‘ á‹«áˆ¨áŒ‹áŒáŒ¡ !
áˆµáˆáŠ­: 
áˆµáˆáŠ­:
ğŸ“±0946966440
ğŸ“±0992606060
ğŸ“±0905464599",@qnashcom
2025-06-03 07:34:47+00:00,,"â˜„ï¸Spa Gel Socks

âš¡ï¸ áˆˆáŠ¥áŒáˆ­ áˆáˆµáˆ‹áˆ´ 
âš¡ï¸ áˆˆáˆšáˆ°áŠáŒ£áŒ á‰… áŠ¥áŒáˆ­
âš¡ï¸ á‹µáˆ­á‰€á‰µáŠ• á‹¨áˆšá‹«áˆˆáˆ°áˆáˆµ
âš¡ï¸ á‹¨áˆšá‰³áŒ á‰¥

Â Â Â Â Â Â Â Â Â Â  ğŸ’²á‹‹áŒ‹á¦ 450 á‰¥áˆ­ 

á‹áˆµáŠ• ááˆ¬ áŠá‹ á‹¨á‰€áˆ¨á‹ âŒâŒ
< Limited Stock âŒ

Telegram - t.me/qnashcom
Website - www.qnash.com
ğŸ”¼ áŒ¥áˆ«á‰µ âœ”ï¸á‹‹áˆµá‰µáŠ“ ğŸ› á‰…áŠ“áˆ½

ğŸ¬ áŠ á‹µáˆ«áˆ» á¦ 
á‰áŒ¥áˆ­ 1 :- áˆ˜áŒˆáŠ“áŠ› á‹˜ááˆ˜áˆ½ áŒáˆ«áŠ•á‹µ áˆáˆ 3 á‰°áŠ› áá‰… á‰áŒ¥áˆ­ 329 

á‰áŒ¥áˆ­ 2 :- áŒ€áˆ 1 áŠ¨áˆˆáˆ‹ áˆ…áŠ•áƒ áŒáˆ«á‹áŠ•á‹µ áˆˆá‹­ G07 

âŒâŒ áˆ›áˆ³áˆ°á‰¥á‹«: áˆ±á‰ƒá‰½áŠ• áˆ²áˆ˜áŒ¡ á‰µáŠ­áŠ­áˆˆáŠ› á‹¨áŠ› áˆ±á‰… áˆ˜áˆ†áŠ‘ á‹«áˆ¨áŒ‹áŒáŒ¡Â  á‹¨áˆ«áˆ³á‰½áŠ• áˆáŒ áˆ˜áŠ–áˆ©áŠ• áŠ¥áŠ“ 329 / G07 áˆ˜áˆ†áŠ‘ á‹«áˆ¨áŒ‹áŒáŒ¡ !
áˆµáˆáŠ­: 
áˆµáˆáŠ­:
ğŸ“±0946966440
ğŸ“±0992606060
ğŸ“±0905464599",@qnashcom
2025-06-02 15:57:22+00:00,,"ğŸ›ğŸ›ğŸ›ğŸ›ğŸ›ğŸ›ğŸ›ğŸ›ğŸ›ğŸ›ğŸ›ğŸ›
âš¡ï¸ğŸ”¼Compression Bath Towel 

âš¡ï¸ğƒğ¢ğ¬ğ©ğ¨ğ¬ğšğ›ğ¥ğ ğğšğ­ğ¡ ğ“ğ¨ğ°ğğ¥
âš¡ï¸ğŒğšğ ğ¢ğœ ğ“ğ¨ğ°ğğ¥
âš¡ï¸ Soft & Comfortable 
âš¡ï¸Superior absorber 
ğŸ‘‰ğ‘ğğœğ¨ğ¦ğ¦ğğ§ğğğ ğŸğ¨ğ« ğ­ğ«ğšğ¯ğğ¥ ğ¥ğ¢ğ ğ¡ğ­ğ°ğğ¢ğ ğ¡ğ­ ğ¥ğšğ§ğ 
ğŸ‘‰ğ‚ğšğ§ğğ²- ğ’ğ¢ğ³ğğ

á‹‹áŒ‹ğŸ’µá¦Â  ğŸ’° 300 á‰¥áˆ­

ğŸ“£ áˆˆáˆ›á‹˜á‹ = @Orderqnash

á‹áˆµáŠ• ááˆ¬ áŠá‹ á‹¨á‰€áˆ¨á‹ âŒâŒ

Telegram - t.me/qnashcom
âš¡ï¸áŒ¥áˆ«á‰µ ğŸ”¼ á‹‹áˆµá‰µáŠ“ ğŸ› á‰…áŠ“áˆ½

ğŸ¬ áŠ á‹µáˆ«áˆ» á¦ 
ğŸ—ºá‰áŒ¥áˆ­ 1 :- áˆ˜áŒˆáŠ“áŠ› á‹˜ááˆ˜áˆ½ áŒáˆ«áŠ•á‹µ áˆáˆ 3 á‰°áŠ› áá‰… á‰áŒ¥áˆ­ 329 

ğŸ—ºá‰áŒ¥áˆ­ 2 :- áŒ€áˆ 1 áŠ¨áˆˆáˆ‹ áˆ…áŠ•áƒ áŒáˆ«á‹áŠ•á‹µ áˆˆá‹­ G07 

âŒâŒ áˆ›áˆ³áˆ°á‰¥á‹«: áˆ±á‰ƒá‰½áŠ• áˆ²áˆ˜áŒ¡ á‰µáŠ­áŠ­áˆˆáŠ› á‹¨áŠ› áˆ±á‰… áˆ˜áˆ†áŠ‘ á‹«áˆ¨áŒ‹áŒáŒ¡Â  á‹¨áˆ«áˆ³á‰½áŠ• áˆáŒ áˆ˜áŠ–áˆ©áŠ• áŠ¥áŠ“ 329 / G07 áˆ˜áˆ†áŠ‘ á‹«áˆ¨áŒ‹áŒáŒ¡ !

áˆµáˆáŠ­:
ğŸ“± 0946966440
ğŸ“± 0992606060
ğŸ“± 0905464599",@qnashcom
2025-06-02 11:29:32+00:00,,"ğŸ›ğŸ›ğŸ›ğŸ›ğŸ›ğŸ›ğŸ›ğŸ›ğŸ›ğŸ›ğŸ›ğŸ›
âš¡ï¸ğŸ”¼Compression Bath Towel 

âš¡ï¸ğƒğ¢ğ¬ğ©ğ¨ğ¬ğšğ›ğ¥ğ ğğšğ­ğ¡ ğ“ğ¨ğ°ğğ¥
âš¡ï¸ğŒğšğ ğ¢ğœ ğ“ğ¨ğ°ğğ¥
âš¡ï¸ Soft & Comfortable 
âš¡ï¸Superior absorber 
ğŸ‘‰ğ‘ğğœğ¨ğ¦ğ¦ğğ§ğğğ ğŸğ¨ğ« ğ­ğ«ğšğ¯ğğ¥ ğ¥ğ¢ğ ğ¡ğ­ğ°ğğ¢ğ ğ¡ğ­ ğ¥ğšğ§ğ 
ğŸ‘‰ğ‚ğšğ§ğğ²- ğ’ğ¢ğ³ğğ

á‹‹áŒ‹ğŸ’µá¦Â  ğŸ’° 300 á‰¥áˆ­

ğŸ“£ áˆˆáˆ›á‹˜á‹ = @Orderqnash

á‹áˆµáŠ• ááˆ¬ áŠá‹ á‹¨á‰€áˆ¨á‹ âŒâŒ

Telegram - t.me/qnashcom
âš¡ï¸áŒ¥áˆ«á‰µ ğŸ”¼ á‹‹áˆµá‰µáŠ“ ğŸ› á‰…áŠ“áˆ½

ğŸ¬ áŠ á‹µáˆ«áˆ» á¦ 
ğŸ—ºá‰áŒ¥áˆ­ 1 :- áˆ˜áŒˆáŠ“áŠ› á‹˜ááˆ˜áˆ½ áŒáˆ«áŠ•á‹µ áˆáˆ 3 á‰°áŠ› áá‰… á‰áŒ¥áˆ­ 329 

ğŸ—ºá‰áŒ¥áˆ­ 2 :- áŒ€áˆ 1 áŠ¨áˆˆáˆ‹ áˆ…áŠ•áƒ áŒáˆ«á‹áŠ•á‹µ áˆˆá‹­ G07 

âŒâŒ áˆ›áˆ³áˆ°á‰¥á‹«: áˆ±á‰ƒá‰½áŠ• áˆ²áˆ˜áŒ¡ á‰µáŠ­áŠ­áˆˆáŠ› á‹¨áŠ› áˆ±á‰… áˆ˜áˆ†áŠ‘ á‹«áˆ¨áŒ‹áŒáŒ¡Â  á‹¨áˆ«áˆ³á‰½áŠ• áˆáŒ áˆ˜áŠ–áˆ©áŠ• áŠ¥áŠ“ 329 / G07 áˆ˜áˆ†áŠ‘ á‹«áˆ¨áŒ‹áŒáŒ¡ !

áˆµáˆáŠ­:
ğŸ“± 0946966440
ğŸ“± 0992606060
ğŸ“± 0905464599",@qnashcom
2025-06-02 08:42:12+00:00,,"ğŸ“£ IMPULSE SEALER

âœ”ï¸ á‹¨áˆ‹áˆµá‰²áŠ­ áˆ›áˆ¸áŒŠá‹«
âœ”ï¸ á‰ áŠ¤áˆŒáŠ­á‰µáˆªáŠ­ á‹¨áˆšáˆ°áˆ«
âœ”ï¸áˆˆá‰£áˆá‰µáŠ“Â  
âœ”ï¸áˆáŒá‰¥ áŠ áˆ½áŒ áˆˆáˆ›áˆµá‰€áˆ˜áŒ¥

â¡ï¸ 20cm áˆµá‹á‰µÂ  ğŸ’µ2350
â¡ï¸ 30cm áˆµá‹á‰µÂ  ğŸ’µ2800
â¡ï¸ 40cm áˆµá‹á‰µÂ  ğŸ’µ3400

ğŸ“£ áˆˆáˆ›á‹˜á‹ = @Orderqnash

á‹áˆµáŠ• ááˆ¬ áŠá‹ á‹¨á‰€áˆ¨á‹ âŒâŒ
< Limited Stock ğŸ“Œ

Telegram - t.me/qnashcom
Telegram - t.me/qnashcom
ğŸ”¼áŒ¥áˆ«á‰µ âœ”ï¸ á‹‹áˆµá‰µáŠ“ ğŸ›á‰…áŠ“áˆ½

ğŸ¬ áŠ á‹µáˆ«áˆ» á¦ 
ğŸ—ºá‰áŒ¥áˆ­ 1 :- áˆ˜áŒˆáŠ“áŠ› á‹˜ááˆ˜áˆ½ áŒáˆ«áŠ•á‹µ áˆáˆ 3 á‰°áŠ› áá‰… á‰áŒ¥áˆ­ 329 

ğŸ—ºá‰áŒ¥áˆ­ 2 :- áŒ€áˆ 1 áŠ¨áˆˆáˆ‹ áˆ…áŠ•áƒ áŒáˆ«á‹áŠ•á‹µ áˆˆá‹­ G07 

âŒâŒ áˆ›áˆ³áˆ°á‰¥á‹«: áˆ±á‰ƒá‰½áŠ• áˆ²áˆ˜áŒ¡ á‰µáŠ­áŠ­áˆˆáŠ› á‹¨áŠ› áˆ±á‰… áˆ˜áˆ†áŠ‘ á‹«áˆ¨áŒ‹áŒáŒ¡Â  á‹¨áˆ«áˆ³á‰½áŠ• áˆáŒ áˆ˜áŠ–áˆ©áŠ• áŠ¥áŠ“ 329 / G07 áˆ˜áˆ†áŠ‘ á‹«áˆ¨áŒ‹áŒáŒ¡ !

áˆµáˆáŠ­:
ğŸ“±0946966440
ğŸ“±0992606060
ğŸ“±0905464599",@qnashcom
2025-05-31 09:29:24+00:00,,"ğŸ“£ IMPULSE SEALER

âœ”ï¸ á‹¨áˆ‹áˆµá‰²áŠ­ áˆ›áˆ¸áŒŠá‹«
âœ”ï¸ á‰ áŠ¤áˆŒáŠ­á‰µáˆªáŠ­ á‹¨áˆšáˆ°áˆ«
âœ”ï¸áˆˆá‰£áˆá‰µáŠ“Â  
âœ”ï¸áˆáŒá‰¥ áŠ áˆ½áŒ áˆˆáˆ›áˆµá‰€áˆ˜áŒ¥

â¡ï¸ 20cm áˆµá‹á‰µÂ  ğŸ’µ2350
â¡ï¸ 30cm áˆµá‹á‰µÂ  ğŸ’µ2800
â¡ï¸ 40cm áˆµá‹á‰µÂ  ğŸ’µ3400

ğŸ“£ áˆˆáˆ›á‹˜á‹ = @Orderqnash

á‹áˆµáŠ• ááˆ¬ áŠá‹ á‹¨á‰€áˆ¨á‹ âŒâŒ
< Limited Stock ğŸ“Œ

Telegram - t.me/qnashcom
Telegram - t.me/qnashcom
ğŸ”¼áŒ¥áˆ«á‰µ âœ”ï¸ á‹‹áˆµá‰µáŠ“ ğŸ›á‰…áŠ“áˆ½

ğŸ¬ áŠ á‹µáˆ«áˆ» á¦ 
ğŸ—ºá‰áŒ¥áˆ­ 1 :- áˆ˜áŒˆáŠ“áŠ› á‹˜ááˆ˜áˆ½ áŒáˆ«áŠ•á‹µ áˆáˆ 3 á‰°áŠ› áá‰… á‰áŒ¥áˆ­ 329 

ğŸ—ºá‰áŒ¥áˆ­ 2 :- áŒ€áˆ 1 áŠ¨áˆˆáˆ‹ áˆ…áŠ•áƒ áŒáˆ«á‹áŠ•á‹µ áˆˆá‹­ G07 

âŒâŒ áˆ›áˆ³áˆ°á‰¥á‹«: áˆ±á‰ƒá‰½áŠ• áˆ²áˆ˜áŒ¡ á‰µáŠ­áŠ­áˆˆáŠ› á‹¨áŠ› áˆ±á‰… áˆ˜áˆ†áŠ‘ á‹«áˆ¨áŒ‹áŒáŒ¡Â  á‹¨áˆ«áˆ³á‰½áŠ• áˆáŒ áˆ˜áŠ–áˆ©áŠ• áŠ¥áŠ“ 329 / G07 áˆ˜áˆ†áŠ‘ á‹«áˆ¨áŒ‹áŒáŒ¡ !

áˆµáˆáŠ­:
ğŸ“±0946966440
ğŸ“±0992606060
ğŸ“±0905464599",@qnashcom
2025-05-29 05:22:54+00:00,,"ğŸ”¥ Laptop Table With Cup Holder
Â Â Â Â  ğŸ’¯High Quality â€¼ï¸

âš¡ï¸Size: 60Ã—40Ã—28 CM
âš¡ï¸ Available Color: Light Blue, Light Green, Light Pink 

Â Â Â Â Â Â  ğŸ’µ3700 á‰¥áˆ­

ğŸ“£ áˆˆáˆ›á‹˜á‹ = @Orderqnash

Telegram - t.me/qnashcom ğŸ‘‰

â˜„ï¸áŒ¥áˆ«á‰µ âœ”ï¸ á‹‹áˆµá‰µáŠ“ ğŸ› á‰…áŠ“áˆ½

ğŸ¬ áŠ á‹µáˆ«áˆ» á¦ 
á‰áŒ¥áˆ­ 1 :- áˆ˜áŒˆáŠ“áŠ› á‹˜ááˆ˜áˆ½ áŒáˆ«áŠ•á‹µ áˆáˆ 3 á‰°áŠ› áá‰… á‰áŒ¥áˆ­ 329 

á‰áŒ¥áˆ­ 2 :- áŒ€áˆ 1 áŠ¨áˆˆáˆ‹ áˆ…áŠ•áƒ áŒáˆ«á‹áŠ•á‹µ áˆˆá‹­ G07 

âŒâŒ áˆ›áˆ³áˆ°á‰¥á‹«: áˆ±á‰ƒá‰½áŠ• áˆ²áˆ˜áŒ¡ á‰µáŠ­áŠ­áˆˆáŠ› á‹¨áŠ› áˆ±á‰… áˆ˜áˆ†áŠ‘ á‹«áˆ¨áŒ‹áŒáŒ¡Â  á‹¨áˆ«áˆ³á‰½áŠ• áˆáŒ áˆ˜áŠ–áˆ©áŠ• áŠ¥áŠ“ 329 / G07 áˆ˜áˆ†áŠ‘ á‹«áˆ¨áŒ‹áŒáŒ¡ !

áˆµáˆáŠ­:
ğŸ“±0946966440
ğŸ“±0992606060
ğŸ“±0905464599",@qnashcom
2025-05-28 05:52:21+00:00,,"ğŸ”¥ Laptop Table With Cup Holder
Â Â Â Â  ğŸ’¯High Quality â€¼ï¸

âš¡ï¸Size: 60Ã—40Ã—28 CM
âš¡ï¸ Available Color: Light Blue, Light Green, Light Pink 

Â Â Â Â Â Â  ğŸ’µ3700 á‰¥áˆ­

ğŸ“£ áˆˆáˆ›á‹˜á‹ = @Orderqnash

Telegram - t.me/qnashcom ğŸ‘‰

â˜„ï¸áŒ¥áˆ«á‰µ âœ”ï¸ á‹‹áˆµá‰µáŠ“ ğŸ› á‰…áŠ“áˆ½

ğŸ¬ áŠ á‹µáˆ«áˆ» á¦ 
á‰áŒ¥áˆ­ 1 :- áˆ˜áŒˆáŠ“áŠ› á‹˜ááˆ˜áˆ½ áŒáˆ«áŠ•á‹µ áˆáˆ 3 á‰°áŠ› áá‰… á‰áŒ¥áˆ­ 329 

á‰áŒ¥áˆ­ 2 :- áŒ€áˆ 1 áŠ¨áˆˆáˆ‹ áˆ…áŠ•áƒ áŒáˆ«á‹áŠ•á‹µ áˆˆá‹­ G07 

âŒâŒ áˆ›áˆ³áˆ°á‰¥á‹«: áˆ±á‰ƒá‰½áŠ• áˆ²áˆ˜áŒ¡ á‰µáŠ­áŠ­áˆˆáŠ› á‹¨áŠ› áˆ±á‰… áˆ˜áˆ†áŠ‘ á‹«áˆ¨áŒ‹áŒáŒ¡Â  á‹¨áˆ«áˆ³á‰½áŠ• áˆáŒ áˆ˜áŠ–áˆ©áŠ• áŠ¥áŠ“ 329 / G07 áˆ˜áˆ†áŠ‘ á‹«áˆ¨áŒ‹áŒáŒ¡ !

áˆµáˆáŠ­:
ğŸ“±0946966440
ğŸ“±0992606060
ğŸ“±0905464599",@qnashcom
2025-05-27 07:10:50+00:00,,"ğŸš®ğŸš®ğŸš®ğŸ—‘ğŸ—‘ğŸ—‘ğŸ—‘ğŸš®ğŸš®ğŸš®ğŸ—‘ğŸ—‘ğŸ—‘á‹¨á‰†áˆ»áˆ» áˆ˜áŒ£á‹« á•áˆ‹áˆµá‰²áŠ­ áŠ¨áˆ¨áŒ¢á‰µ
GARBAGE BAGS

â¡ï¸ áˆ˜á‰‹áŒ áˆªá‹« á‹«áˆˆá‹
â¡ï¸Â  áŠ¥áŠ•á‹°áŒˆáŠ“ áŒ¥á‰…áˆ áˆ‹á‹­ áˆŠá‹áˆ á‹¨áˆšá‰½áˆ
â¡ï¸ áŒ áŠ•áŠ«áˆ«
â¡ï¸ áŠ¥áˆ­áŒ¥á‰ á‰µ á‹¨áˆ›á‹«áˆ³áˆá
â¡ï¸ á‰ áˆ˜áˆ¬á‰µ á‹áˆµáŒ¥ áˆŠá‰ áˆ°á‰¥áˆµ á‹¨áˆšá‰½áˆ

ğŸ’µ á‰µáŠ•áˆ¹ 30 á‰¥á‹›á‰µ, 50cm * 50cm = 350 á‰¥áˆ­
ğŸ’µ áˆ˜áŠ«áŠ¨áˆˆáŠ› 20 á‰¥á‹›á‰µ, 62cm * 80cm = 350 á‰¥áˆ­Â  
ğŸ’µ á‰µáˆá‰ 10 á‰¥á‹›á‰µ, 74 cm * 103cm = 350 á‰¥áˆ­

ğŸ“£ áˆˆáˆ›á‹˜á‹ = @Orderqnash

á‹áˆµáŠ• ááˆ¬ áŠá‹ á‹¨á‰€áˆ¨á‹ âŒâŒâŒ

Telegram - t.me/qnashcom
ğŸ”¼ áŒ¥áˆ«á‰µ âœ”ï¸á‹‹áˆµá‰µáŠ“ ğŸ›á‰…áŠ“áˆ½

ğŸ¬ áŠ á‹µáˆ«áˆ» á¦ 
á‰áŒ¥áˆ­ 1 :- áˆ˜áŒˆáŠ“áŠ› á‹˜ááˆ˜áˆ½ áŒáˆ«áŠ•á‹µ áˆáˆ 3 á‰°áŠ› áá‰… á‰áŒ¥áˆ­ 329 

á‰áŒ¥áˆ­ 2 :- áŒ€áˆ 1 áŠ¨áˆˆáˆ‹ áˆ…áŠ•áƒ áŒáˆ«á‹áŠ•á‹µ áˆˆá‹­ G07 

âŒâŒ áˆ›áˆ³áˆ°á‰¥á‹«: áˆ±á‰ƒá‰½áŠ• áˆ²áˆ˜áŒ¡ á‰µáŠ­áŠ­áˆˆáŠ› á‹¨áŠ› áˆ±á‰… áˆ˜áˆ†áŠ‘ á‹«áˆ¨áŒ‹áŒáŒ¡Â  á‹¨áˆ«áˆ³á‰½áŠ• áˆáŒ áˆ˜áŠ–áˆ©áŠ• áŠ¥áŠ“ 329 / G07 áˆ˜áˆ†áŠ‘ á‹«áˆ¨áŒ‹áŒáŒ¡ !

áˆµáˆáŠ­:
ğŸ“±0946966440
ğŸ“±0992606060
ğŸ“±0905464599",@qnashcom
2025-05-26 06:29:54+00:00,,"ğŸš®ğŸš®ğŸš®ğŸ—‘ğŸ—‘ğŸ—‘ğŸ—‘ğŸš®ğŸš®ğŸš®ğŸ—‘ğŸ—‘ğŸ—‘á‹¨á‰†áˆ»áˆ» áˆ˜áŒ£á‹« á•áˆ‹áˆµá‰²áŠ­ áŠ¨áˆ¨áŒ¢á‰µ
GARBAGE BAGS

â¡ï¸ áˆ˜á‰‹áŒ áˆªá‹« á‹«áˆˆá‹
â¡ï¸Â  áŠ¥áŠ•á‹°áŒˆáŠ“ áŒ¥á‰…áˆ áˆ‹á‹­ áˆŠá‹áˆ á‹¨áˆšá‰½áˆ
â¡ï¸ áŒ áŠ•áŠ«áˆ«
â¡ï¸ áŠ¥áˆ­áŒ¥á‰ á‰µ á‹¨áˆ›á‹«áˆ³áˆá
â¡ï¸ á‰ áˆ˜áˆ¬á‰µ á‹áˆµáŒ¥ áˆŠá‰ áˆ°á‰¥áˆµ á‹¨áˆšá‰½áˆ

ğŸ’µ á‰µáŠ•áˆ¹ 30 á‰¥á‹›á‰µ, 50cm * 50cm = 350 á‰¥áˆ­
ğŸ’µ áˆ˜áŠ«áŠ¨áˆˆáŠ› 20 á‰¥á‹›á‰µ, 62cm * 80cm = 350 á‰¥áˆ­Â  
ğŸ’µ á‰µáˆá‰ 10 á‰¥á‹›á‰µ, 74 cm * 103cm = 350 á‰¥áˆ­

ğŸ“£ áˆˆáˆ›á‹˜á‹ = @Orderqnash

á‹áˆµáŠ• ááˆ¬ áŠá‹ á‹¨á‰€áˆ¨á‹ âŒâŒâŒ

Telegram - t.me/qnashcom
ğŸ”¼ áŒ¥áˆ«á‰µ âœ”ï¸á‹‹áˆµá‰µáŠ“ ğŸ›á‰…áŠ“áˆ½

ğŸ¬ áŠ á‹µáˆ«áˆ» á¦ 
á‰áŒ¥áˆ­ 1 :- áˆ˜áŒˆáŠ“áŠ› á‹˜ááˆ˜áˆ½ áŒáˆ«áŠ•á‹µ áˆáˆ 3 á‰°áŠ› áá‰… á‰áŒ¥áˆ­ 329 

á‰áŒ¥áˆ­ 2 :- áŒ€áˆ 1 áŠ¨áˆˆáˆ‹ áˆ…áŠ•áƒ áŒáˆ«á‹áŠ•á‹µ áˆˆá‹­ G07 

âŒâŒ áˆ›áˆ³áˆ°á‰¥á‹«: áˆ±á‰ƒá‰½áŠ• áˆ²áˆ˜áŒ¡ á‰µáŠ­áŠ­áˆˆáŠ› á‹¨áŠ› áˆ±á‰… áˆ˜áˆ†áŠ‘ á‹«áˆ¨áŒ‹áŒáŒ¡Â  á‹¨áˆ«áˆ³á‰½áŠ• áˆáŒ áˆ˜áŠ–áˆ©áŠ• áŠ¥áŠ“ 329 / G07 áˆ˜áˆ†áŠ‘ á‹«áˆ¨áŒ‹áŒáŒ¡ !

áˆµáˆáŠ­:
ğŸ“±0946966440
ğŸ“±0992606060
ğŸ“±0905464599",@qnashcom
2025-05-24 17:15:39+00:00,,"ğŸ”¥ğŸ“£ IINIMAÂ® Coffee Grinder 

ğŸ“ŒStainless Steel Bowl to mill
Â Â Â Â Â Â Â  âš¡ï¸coffee 
Â Â Â Â Â Â Â  âš¡ï¸cardamom
Â Â Â Â Â Â Â  âš¡ï¸nut 
Â Â Â Â Â Â Â  âš¡ï¸Spices 
â˜„ï¸150W

Â Â Â Â Â Â Â Â Â Â Â Â Â Â Â Â  ğŸ’²1500 á‰¥áˆ­

Telegram - t.me/qnashcom ğŸ‘‰

â˜„ï¸áŒ¥áˆ«á‰µ âœ”ï¸ á‹‹áˆµá‰µáŠ“ ğŸ› á‰…áŠ“áˆ½

ğŸ“áŠ á‹µáˆ«áˆ» á¦ 
ğŸ—ºá‰áŒ¥áˆ­ 1 :- áˆ˜áŒˆáŠ“áŠ› á‹˜ááˆ˜áˆ½ áŒáˆ«áŠ•á‹µ áˆáˆ 3 á‰°áŠ› áá‰… á‰áŒ¥áˆ­ 329 

ğŸ—ºá‰áŒ¥áˆ­ 2 :- áŒ€áˆ 1 áŠ¨áˆˆáˆ‹ áˆ…áŠ•áƒ áŒáˆ«á‹áŠ•á‹µ áˆˆá‹­ G07 

âŒâŒ áˆ›áˆ³áˆ°á‰¥á‹«: áˆ±á‰ƒá‰½áŠ• áˆ²áˆ˜áŒ¡ á‰µáŠ­áŠ­áˆˆáŠ› á‹¨áŠ› áˆ±á‰… áˆ˜áˆ†áŠ‘ á‹«áˆ¨áŒ‹áŒáŒ¡Â  á‹¨áˆ«áˆ³á‰½áŠ• áˆáŒ áˆ˜áŠ–áˆ©áŠ• áŠ¥áŠ“ 329 / G07 áˆ˜áˆ†áŠ‘ á‹«áˆ¨áŒ‹áŒáŒ¡ !

áˆµáˆáŠ­:
ğŸ“±0946966440
ğŸ“±0992606060
ğŸ“±0905464599",@qnashcom
2025-05-24 09:16:01+00:00,,"ğŸ”¥ğŸ“£ IINIMAÂ® Coffee Grinder 

ğŸ“ŒStainless Steel Bowl to mill
Â Â Â Â Â Â Â  âš¡ï¸coffee 
Â Â Â Â Â Â Â  âš¡ï¸cardamom
Â Â Â Â Â Â Â  âš¡ï¸nut 
Â Â Â Â Â Â Â  âš¡ï¸Spices 
â˜„ï¸150W

Â Â Â Â Â Â Â Â Â Â Â Â Â Â Â Â  ğŸ’²1500 á‰¥áˆ­

Telegram - t.me/qnashcom ğŸ‘‰

â˜„ï¸áŒ¥áˆ«á‰µ âœ”ï¸ á‹‹áˆµá‰µáŠ“ ğŸ› á‰…áŠ“áˆ½

ğŸ“áŠ á‹µáˆ«áˆ» á¦ 
ğŸ—ºá‰áŒ¥áˆ­ 1 :- áˆ˜áŒˆáŠ“áŠ› á‹˜ááˆ˜áˆ½ áŒáˆ«áŠ•á‹µ áˆáˆ 3 á‰°áŠ› áá‰… á‰áŒ¥áˆ­ 329 

ğŸ—ºá‰áŒ¥áˆ­ 2 :- áŒ€áˆ 1 áŠ¨áˆˆáˆ‹ áˆ…áŠ•áƒ áŒáˆ«á‹áŠ•á‹µ áˆˆá‹­ G07 

âŒâŒ áˆ›áˆ³áˆ°á‰¥á‹«: áˆ±á‰ƒá‰½áŠ• áˆ²áˆ˜áŒ¡ á‰µáŠ­áŠ­áˆˆáŠ› á‹¨áŠ› áˆ±á‰… áˆ˜áˆ†áŠ‘ á‹«áˆ¨áŒ‹áŒáŒ¡Â  á‹¨áˆ«áˆ³á‰½áŠ• áˆáŒ áˆ˜áŠ–áˆ©áŠ• áŠ¥áŠ“ 329 / G07 áˆ˜áˆ†áŠ‘ á‹«áˆ¨áŒ‹áŒáŒ¡ !

áˆµáˆáŠ­:
ğŸ“±0946966440
ğŸ“±0992606060
ğŸ“±0905464599",@qnashcom
2025-05-24 06:59:49+00:00,,"ğŸ“ŒğŸ”¼ Long Sewer Cleaning Wire Spring

ğŸ’¯ áˆ¨áŒ…áˆ™ 1áˆœá‰µáˆ­ áŠ¨ 60 áˆ³áŠ•á‰²áˆ

âœ”ï¸á‰†áˆ»áˆ» á‹¨á‹°áˆáŠá‰¥áŠ•áŠ• á‰€á‹³á‹³á‹á‰½ á‰ á‰€áˆ‹áˆ‰ áˆˆáˆ˜áŠ­áˆá‰µ á‹¨áˆ›á‹­áˆ˜á‰½ á‰¦á‰³ áˆ‹á‹­ á‹•á‰ƒ áˆˆáˆ˜áˆ³á‰¥ áˆˆáˆ˜áˆáˆˆáŒ á‹¨áˆšáŒ á‰…áˆ 

ğŸ˜Bringing more convenience to the people in their daily life.
âš¡ï¸Quality iron wire and pp material
âš¡ï¸Flexible spring cable and retractable claws
âš¡ï¸Long enough to get deep into drains
âš¡ï¸Remove any clogs and debris
âš¡ï¸For kitchen, bathroom, sinks, drain, tubs, etc.

ğŸ“Length :-Â  1áˆœá‰µáˆ­ áŠ¨ 60 áˆ³áŠ•á‰²áˆÂ 

Â Â Â Â Â Â  ğŸ’µ650 á‰¥áˆ­

á‹áˆµáŠ• ááˆ¬ áŠá‹ á‹¨á‰€áˆ¨á‹ âŒâŒâŒ

Telegram - t.me/qnashcom
ğŸ”¼ áŒ¥áˆ«á‰µ âœ”ï¸á‹‹áˆµá‰µáŠ“ ğŸ›á‰…áŠ“áˆ½

ğŸ¬ áŠ á‹µáˆ«áˆ» á¦ 
á‰áŒ¥áˆ­ 1 :- áˆ˜áŒˆáŠ“áŠ› á‹˜ááˆ˜áˆ½ áŒáˆ«áŠ•á‹µ áˆáˆ 3 á‰°áŠ› áá‰… á‰áŒ¥áˆ­ 329 

á‰áŒ¥áˆ­ 2 :- áŒ€áˆ 1 áŠ¨áˆˆáˆ‹ áˆ…áŠ•áƒ áŒáˆ«á‹áŠ•á‹µ áˆˆá‹­ G07 

âŒâŒ áˆ›áˆ³áˆ°á‰¥á‹«: áˆ±á‰ƒá‰½áŠ• áˆ²áˆ˜áŒ¡ á‰µáŠ­áŠ­áˆˆáŠ› á‹¨áŠ› áˆ±á‰… áˆ˜áˆ†áŠ‘ á‹«áˆ¨áŒ‹áŒáŒ¡Â  á‹¨áˆ«áˆ³á‰½áŠ• áˆáŒ áˆ˜áŠ–áˆ©áŠ• áŠ¥áŠ“ 329 / G07 áˆ˜áˆ†áŠ‘ á‹«áˆ¨áŒ‹áŒáŒ¡ !

áˆµáˆáŠ­:
ğŸ“±0946966440
ğŸ“±0992606060
ğŸ“±0905464599",@qnashcom
2025-05-23 15:43:29+00:00,,"ğŸ“ŒğŸ”¼ Long Sewer Cleaning Wire Spring

ğŸ’¯ áˆ¨áŒ…áˆ™ 1áˆœá‰µáˆ­ áŠ¨ 60 áˆ³áŠ•á‰²áˆ

âœ”ï¸á‰†áˆ»áˆ» á‹¨á‹°áˆáŠá‰¥áŠ•áŠ• á‰€á‹³á‹³á‹á‰½ á‰ á‰€áˆ‹áˆ‰ áˆˆáˆ˜áŠ­áˆá‰µ á‹¨áˆ›á‹­áˆ˜á‰½ á‰¦á‰³ áˆ‹á‹­ á‹•á‰ƒ áˆˆáˆ˜áˆ³á‰¥ áˆˆáˆ˜áˆáˆˆáŒ á‹¨áˆšáŒ á‰…áˆ 

ğŸ˜Bringing more convenience to the people in their daily life.
âš¡ï¸Quality iron wire and pp material
âš¡ï¸Flexible spring cable and retractable claws
âš¡ï¸Long enough to get deep into drains
âš¡ï¸Remove any clogs and debris
âš¡ï¸For kitchen, bathroom, sinks, drain, tubs, etc.

ğŸ“Length :-Â  1áˆœá‰µáˆ­ áŠ¨ 60 áˆ³áŠ•á‰²áˆÂ 

Â Â Â Â Â Â  ğŸ’µ650 á‰¥áˆ­

á‹áˆµáŠ• ááˆ¬ áŠá‹ á‹¨á‰€áˆ¨á‹ âŒâŒâŒ

Telegram - t.me/qnashcom
ğŸ”¼ áŒ¥áˆ«á‰µ âœ”ï¸á‹‹áˆµá‰µáŠ“ ğŸ›á‰…áŠ“áˆ½

ğŸ¬ áŠ á‹µáˆ«áˆ» á¦ 
á‰áŒ¥áˆ­ 1 :- áˆ˜áŒˆáŠ“áŠ› á‹˜ááˆ˜áˆ½ áŒáˆ«áŠ•á‹µ áˆáˆ 3 á‰°áŠ› áá‰… á‰áŒ¥áˆ­ 329 

á‰áŒ¥áˆ­ 2 :- áŒ€áˆ 1 áŠ¨áˆˆáˆ‹ áˆ…áŠ•áƒ áŒáˆ«á‹áŠ•á‹µ áˆˆá‹­ G07 

âŒâŒ áˆ›áˆ³áˆ°á‰¥á‹«: áˆ±á‰ƒá‰½áŠ• áˆ²áˆ˜áŒ¡ á‰µáŠ­áŠ­áˆˆáŠ› á‹¨áŠ› áˆ±á‰… áˆ˜áˆ†áŠ‘ á‹«áˆ¨áŒ‹áŒáŒ¡Â  á‹¨áˆ«áˆ³á‰½áŠ• áˆáŒ áˆ˜áŠ–áˆ©áŠ• áŠ¥áŠ“ 329 / G07 áˆ˜áˆ†áŠ‘ á‹«áˆ¨áŒ‹áŒáŒ¡ !

áˆµáˆáŠ­:
ğŸ“±0946966440
ğŸ“±0992606060
ğŸ“±0905464599",@qnashcom
2025-05-23 09:30:25+00:00,,"ğŸ“ŒğŸ”¼ Long Sewer Cleaning Wire Spring

ğŸ’¯ áˆ¨áŒ…áˆ™ 1áˆœá‰µáˆ­ áŠ¨ 60 áˆ³áŠ•á‰²áˆ

âœ”ï¸á‰†áˆ»áˆ» á‹¨á‹°áˆáŠá‰¥áŠ•áŠ• á‰€á‹³á‹³á‹á‰½ á‰ á‰€áˆ‹áˆ‰ áˆˆáˆ˜áŠ­áˆá‰µ á‹¨áˆ›á‹­áˆ˜á‰½ á‰¦á‰³ áˆ‹á‹­ á‹•á‰ƒ áˆˆáˆ˜áˆ³á‰¥ áˆˆáˆ˜áˆáˆˆáŒ á‹¨áˆšáŒ á‰…áˆ 

ğŸ˜Bringing more convenience to the people in their daily life.
âš¡ï¸Quality iron wire and pp material
âš¡ï¸Flexible spring cable and retractable claws
âš¡ï¸Long enough to get deep into drains
âš¡ï¸Remove any clogs and debris
âš¡ï¸For kitchen, bathroom, sinks, drain, tubs, etc.

ğŸ“Length :-Â  1áˆœá‰µáˆ­ áŠ¨ 60 áˆ³áŠ•á‰²áˆÂ 

Â Â Â Â Â Â  ğŸ’µ650 á‰¥áˆ­

á‹áˆµáŠ• ááˆ¬ áŠá‹ á‹¨á‰€áˆ¨á‹ âŒâŒâŒ

Telegram - t.me/qnashcom
ğŸ”¼ áŒ¥áˆ«á‰µ âœ”ï¸á‹‹áˆµá‰µáŠ“ ğŸ›á‰…áŠ“áˆ½

ğŸ¬ áŠ á‹µáˆ«áˆ» á¦ 
á‰áŒ¥áˆ­ 1 :- áˆ˜áŒˆáŠ“áŠ› á‹˜ááˆ˜áˆ½ áŒáˆ«áŠ•á‹µ áˆáˆ 3 á‰°áŠ› áá‰… á‰áŒ¥áˆ­ 329 

á‰áŒ¥áˆ­ 2 :- áŒ€áˆ 1 áŠ¨áˆˆáˆ‹ áˆ…áŠ•áƒ áŒáˆ«á‹áŠ•á‹µ áˆˆá‹­ G07 

âŒâŒ áˆ›áˆ³áˆ°á‰¥á‹«: áˆ±á‰ƒá‰½áŠ• áˆ²áˆ˜áŒ¡ á‰µáŠ­áŠ­áˆˆáŠ› á‹¨áŠ› áˆ±á‰… áˆ˜áˆ†áŠ‘ á‹«áˆ¨áŒ‹áŒáŒ¡Â  á‹¨áˆ«áˆ³á‰½áŠ• áˆáŒ áˆ˜áŠ–áˆ©áŠ• áŠ¥áŠ“ 329 / G07 áˆ˜áˆ†áŠ‘ á‹«áˆ¨áŒ‹áŒáŒ¡ !

áˆµáˆáŠ­:
ğŸ“±0946966440
ğŸ“±0992606060
ğŸ“±0905464599",@qnashcom
2025-05-23 06:25:13+00:00,,"âš¡ï¸ Waterproof Tape áˆˆáˆ®á‰¶á¥áˆˆáŒ£áˆªá‹« áŠ¥áŠ“ áˆˆá‰§áŠ•á‰§ leakage áˆ˜áŒ áŒˆáŠ›

ğŸ“Œ for Pipe Leakage 
ğŸ“Œ for Roof Water Leakage Solution 
ğŸ“Œ Aluminium Foil Tape Waterproof Adhesive Tape Sealing Butyl Rubber Tape for Surface Crack, Pipe Rupture ..

5 meter ..

Â Â Â Â Â Â  ğŸ’²Â  á‹‹áŒ‹á¦Â  850 á‰¥áˆ­

á‹áˆµáŠ• ááˆ¬ áŠá‹ á‹¨á‰€áˆ¨á‹ âŒâŒ
Limited stock âŒâŒ

Telegram - t.me/qnashcom
ğŸ”¼áŒ¥áˆ«á‰µ âœ”ï¸ á‹‹áˆµá‰µáŠ“ ğŸ› á‰…áŠ“áˆ½

ğŸ¬ áŠ á‹µáˆ«áˆ» á¦ 
á‰áŒ¥áˆ­ 1 :- áˆ˜áŒˆáŠ“áŠ› á‹˜ááˆ˜áˆ½ áŒáˆ«áŠ•á‹µ áˆáˆ 3 á‰°áŠ› áá‰… á‰áŒ¥áˆ­ 329 

á‰áŒ¥áˆ­ 2 :- áŒ€áˆ 1 áŠ¨áˆˆáˆ‹ áˆ…áŠ•áƒ áŒáˆ«á‹áŠ•á‹µ áˆˆá‹­ G07 

âŒâŒ áˆ›áˆ³áˆ°á‰¥á‹«: áˆ±á‰ƒá‰½áŠ• áˆ²áˆ˜áŒ¡ á‰µáŠ­áŠ­áˆˆáŠ› á‹¨áŠ› áˆ±á‰… áˆ˜áˆ†áŠ‘ á‹«áˆ¨áŒ‹áŒáŒ¡Â  á‹¨áˆ«áˆ³á‰½áŠ• áˆáŒ áˆ˜áŠ–áˆ©áŠ• áŠ¥áŠ“ 329 / G07 áˆ˜áˆ†áŠ‘ á‹«áˆ¨áŒ‹áŒáŒ¡ !

áˆµáˆáŠ­:
ğŸ“±0946966440
ğŸ“±0992606060
ğŸ“±0905464599",@qnashcom
2025-05-22 13:46:55+00:00,,"âš¡ï¸ Waterproof Tape áˆˆáˆ®á‰¶á¥áˆˆáŒ£áˆªá‹« áŠ¥áŠ“ áˆˆá‰§áŠ•á‰§ leakage áˆ˜áŒ áŒˆáŠ›

ğŸ“Œ for Pipe Leakage 
ğŸ“Œ for Roof Water Leakage Solution 
ğŸ“Œ Aluminium Foil Tape Waterproof Adhesive Tape Sealing Butyl Rubber Tape for Surface Crack, Pipe Rupture ..

5 meter ..

Â Â Â Â Â Â  ğŸ’²Â  á‹‹áŒ‹á¦Â  850 á‰¥áˆ­

á‹áˆµáŠ• ááˆ¬ áŠá‹ á‹¨á‰€áˆ¨á‹ âŒâŒ
Limited stock âŒâŒ

Telegram - t.me/qnashcom
ğŸ”¼áŒ¥áˆ«á‰µ âœ”ï¸ á‹‹áˆµá‰µáŠ“ ğŸ› á‰…áŠ“áˆ½

ğŸ¬ áŠ á‹µáˆ«áˆ» á¦ 
á‰áŒ¥áˆ­ 1 :- áˆ˜áŒˆáŠ“áŠ› á‹˜ááˆ˜áˆ½ áŒáˆ«áŠ•á‹µ áˆáˆ 3 á‰°áŠ› áá‰… á‰áŒ¥áˆ­ 329 

á‰áŒ¥áˆ­ 2 :- áŒ€áˆ 1 áŠ¨áˆˆáˆ‹ áˆ…áŠ•áƒ áŒáˆ«á‹áŠ•á‹µ áˆˆá‹­ G07 

âŒâŒ áˆ›áˆ³áˆ°á‰¥á‹«: áˆ±á‰ƒá‰½áŠ• áˆ²áˆ˜áŒ¡ á‰µáŠ­áŠ­áˆˆáŠ› á‹¨áŠ› áˆ±á‰… áˆ˜áˆ†áŠ‘ á‹«áˆ¨áŒ‹áŒáŒ¡Â  á‹¨áˆ«áˆ³á‰½áŠ• áˆáŒ áˆ˜áŠ–áˆ©áŠ• áŠ¥áŠ“ 329 / G07 áˆ˜áˆ†áŠ‘ á‹«áˆ¨áŒ‹áŒáŒ¡ !

áˆµáˆáŠ­:
ğŸ“±0946966440
ğŸ“±0992606060
ğŸ“±0905464599",@qnashcom
2025-05-22 11:23:26+00:00,,"âš¡ï¸ Waterproof Tape áˆˆáˆ®á‰¶á¥áˆˆáŒ£áˆªá‹« áŠ¥áŠ“ áˆˆá‰§áŠ•á‰§ leakage áˆ˜áŒ áŒˆáŠ›

ğŸ“Œ for Pipe Leakage 
ğŸ“Œ for Roof Water Leakage Solution 
ğŸ“Œ Aluminium Foil Tape Waterproof Adhesive Tape Sealing Butyl Rubber Tape for Surface Crack, Pipe Rupture ..

5 meter ..

Â Â Â Â Â Â  ğŸ’²Â  á‹‹áŒ‹á¦Â  850 á‰¥áˆ­

á‹áˆµáŠ• ááˆ¬ áŠá‹ á‹¨á‰€áˆ¨á‹ âŒâŒ
Limited stock âŒâŒ

Telegram - t.me/qnashcom
ğŸ”¼áŒ¥áˆ«á‰µ âœ”ï¸ á‹‹áˆµá‰µáŠ“ ğŸ› á‰…áŠ“áˆ½

ğŸ¬ áŠ á‹µáˆ«áˆ» á¦ 
á‰áŒ¥áˆ­ 1 :- áˆ˜áŒˆáŠ“áŠ› á‹˜ááˆ˜áˆ½ áŒáˆ«áŠ•á‹µ áˆáˆ 3 á‰°áŠ› áá‰… á‰áŒ¥áˆ­ 329 

á‰áŒ¥áˆ­ 2 :- áŒ€áˆ 1 áŠ¨áˆˆáˆ‹ áˆ…áŠ•áƒ áŒáˆ«á‹áŠ•á‹µ áˆˆá‹­ G07 

âŒâŒ áˆ›áˆ³áˆ°á‰¥á‹«: áˆ±á‰ƒá‰½áŠ• áˆ²áˆ˜áŒ¡ á‰µáŠ­áŠ­áˆˆáŠ› á‹¨áŠ› áˆ±á‰… áˆ˜áˆ†áŠ‘ á‹«áˆ¨áŒ‹áŒáŒ¡Â  á‹¨áˆ«áˆ³á‰½áŠ• áˆáŒ áˆ˜áŠ–áˆ©áŠ• áŠ¥áŠ“ 329 / G07 áˆ˜áˆ†áŠ‘ á‹«áˆ¨áŒ‹áŒáŒ¡ !

áˆµáˆáŠ­:
ğŸ“±0946966440
ğŸ“±0992606060
ğŸ“±0905464599",@qnashcom
2025-05-22 05:33:28+00:00,,"ğŸ“£á‰ á‰…áŠ“áˆ½ á‰ á‹µáŒ‹áˆš áŒˆá‰¥á‰±á‹‹áˆ

ğŸ“ŒğŸ“£ Heated Ceramic Hair Straightener Brush

âš¡ï¸á‹˜áˆ˜áŠ“á‹Š áŠ á‹²áˆµ á‹¨á€áŒ‰áˆ­ áˆ˜á‰°áŠ®áˆ»Â  á‰ áŠ¤áˆŒáŠ­á‰µáˆªáŠ­ á‹¨áˆšáˆ°áˆ«
âš¡ï¸áˆŒáˆ‹ áˆ°á‹‰ áˆ³á‹«áˆµáˆáˆáŒá‹ áˆ«áˆµá‹ á€áŒ‰áˆ­á‹áŠ• á‰ áˆ›á‰ áŒ áˆ­ á‰¥á‰» á‹¨áˆšá‰°áŠ©áˆ±á‰ á‰µ áŠ á‹²áˆµ áˆ›á‰ áŒ áˆªá‹« á”áˆµá‰µáˆ« 
âš¡ï¸áˆáŠ•áˆ áŠ á‹­áŠá‰µ á‹µáˆá… á‹¨áˆŒáˆˆá‹‰ 
âš¡ï¸á€áŒ‰áˆ­ á‹¨áˆ›á‹­áŒá‹³ áŠ áˆµá‰°áˆ›áˆ›áŠ
âš¡ï¸áˆµá‰µáˆ¬á‰µ áŠ¥áŠ“ áŠ¨áˆ­áˆ á‹¨áˆšáˆ°áˆ« á‹•á‰ƒ 
âš¡ï¸áŒá‹œá‹áŠ• á‹¨áˆšá‰†áŒ¥á‰¥á£ á‹¨áˆ›á‹«á‹°áŠ­áˆ

Â Â Â Â Â Â Â Â  ğŸ’µ á‹‹áŒ‹á¦Â  1350 âŒ 1200 âœ…

á‹áˆµáŠ• ááˆ¬ áŠá‹ á‹¨á‰€áˆ¨á‹ âŒâŒ
< Limited Stock âŒ
ğŸ”¼ áŒ¥áˆ«á‰µ âœ”ï¸á‹‹áˆµá‰µáŠ“ ğŸ› á‰…áŠ“áˆ½

ğŸ¬ áŠ á‹µáˆ«áˆ» á¦ 
ğŸ—ºá‰áŒ¥áˆ­ 1 :- áˆ˜áŒˆáŠ“áŠ› á‹˜ááˆ˜áˆ½ áŒáˆ«áŠ•á‹µ áˆáˆ 3 á‰°áŠ› áá‰… á‰áŒ¥áˆ­ 329 

ğŸ—ºá‰áŒ¥áˆ­ 2 :- áŒ€áˆ 1 áŠ¨áˆˆáˆ‹ áˆ…áŠ•áƒ áŒáˆ«á‹áŠ•á‹µ áˆˆá‹­ G07 

âŒâŒ áˆ›áˆ³áˆ°á‰¥á‹«: áˆ±á‰ƒá‰½áŠ• áˆ²áˆ˜áŒ¡ á‰µáŠ­áŠ­áˆˆáŠ› á‹¨áŠ› áˆ±á‰… áˆ˜áˆ†áŠ‘ á‹«áˆ¨áŒ‹áŒáŒ¡Â  á‹¨áˆ«áˆ³á‰½áŠ• áˆáŒ áˆ˜áŠ–áˆ©áŠ• áŠ¥áŠ“ 329 / G07 áˆ˜áˆ†áŠ‘ á‹«áˆ¨áŒ‹áŒáŒ¡ !

áˆµáˆáŠ­:
ğŸ“±0946966440
ğŸ“±0992606060
ğŸ“±0905464599",@qnashcom
2025-05-22 04:37:30+00:00,,"ğŸ“Œ Self Adhesive Waterproof Sticker
Â Â Â Â Â Â Â Â  
â˜›Furniture & Wall Sticker
âœ“á‹áˆ€ á‹¨áˆ›á‹«áˆµáŒˆá‰£
âœ“áˆˆáŠªá‰½áŠ• áŠ«á‰¢áŠ”á‰µáŠ“ áŒáˆ­áŒá‹³
âœ“áˆˆá‰£áŠ á‰¤á‰µ áŒá‹µáŒá‹³
âœ“áˆˆáˆ˜á‹°áˆ­á‹°áˆªá‹«á£ áˆˆáŒ áˆ¨á‰¬á‹›á£ á‰áˆáˆ³áŒ¥áŠ•áŠ“ áˆˆá‰°áˆˆá‹«á‹© áˆ›áˆµá‹‹á‰¢á‹« á‰€á‹³áˆš á‰°áˆ˜áˆ«áŒ­

â˜›Furniture & Wall Sticker
âœ“Perfect for creating new looks
âœ“Easy to install
âœ“Multi-Function
âœ“#Color: #Black & #White 
â˜›#Size: 60CM x 5M


ğŸ‘‰The Self Adhesive Waterproof Sticker can be used in a variety of settings, including walls, cabinets and drawers, counter tops, bookshelves, closet shelving, shelves, windows, and pantry areas.

Â á‹‹áŒ‹ğŸ’µá¦Â 1000 á‰¥áˆ­

ğŸ“£ áˆˆáˆ›á‹˜á‹ = @Orderqnash

á‹áˆµáŠ• ááˆ¬ áŠá‹ á‹¨á‰€áˆ¨á‹ âŒâŒ

Telegram - t.me/qnashcom
âš¡ï¸áŒ¥áˆ«á‰µ ğŸ”¼ á‹‹áˆµá‰µáŠ“ ğŸ› á‰…áŠ“áˆ½

ğŸ¬ áŠ á‹µáˆ«áˆ» á¦ 
ğŸ—ºá‰áŒ¥áˆ­ 1 :- áˆ˜áŒˆáŠ“áŠ› á‹˜ááˆ˜áˆ½ áŒáˆ«áŠ•á‹µ áˆáˆ 3 á‰°áŠ› áá‰… á‰áŒ¥áˆ­ 329 

ğŸ—ºá‰áŒ¥áˆ­ 2 :- áŒ€áˆ 1 áŠ¨áˆˆáˆ‹ áˆ…áŠ•áƒ áŒáˆ«á‹áŠ•á‹µ áˆˆá‹­ G07 

âŒâŒ áˆ›áˆ³áˆ°á‰¥á‹«: áˆ±á‰ƒá‰½áŠ• áˆ²áˆ˜áŒ¡ á‰µáŠ­áŠ­áˆˆáŠ› á‹¨áŠ› áˆ±á‰… áˆ˜áˆ†áŠ‘ á‹«áˆ¨áŒ‹áŒáŒ¡Â  á‹¨áˆ«áˆ³á‰½áŠ• áˆáŒ áˆ˜áŠ–áˆ©áŠ• áŠ¥áŠ“ 329 / G07 áˆ˜áˆ†áŠ‘ á‹«áˆ¨áŒ‹áŒáŒ¡ !

áˆµáˆáŠ­:
ğŸ“± 0946966440
ğŸ“± 0992606060
ğŸ“± 0905464599",@qnashcom
2025-05-21 17:20:30+00:00,,"ğŸ“Œ Self Adhesive Waterproof Sticker
Â Â Â Â Â Â Â Â  
â˜›Furniture & Wall Sticker
âœ“á‹áˆ€ á‹¨áˆ›á‹«áˆµáŒˆá‰£
âœ“áˆˆáŠªá‰½áŠ• áŠ«á‰¢áŠ”á‰µáŠ“ áŒáˆ­áŒá‹³
âœ“áˆˆá‰£áŠ á‰¤á‰µ áŒá‹µáŒá‹³
âœ“áˆˆáˆ˜á‹°áˆ­á‹°áˆªá‹«á£ áˆˆáŒ áˆ¨á‰¬á‹›á£ á‰áˆáˆ³áŒ¥áŠ•áŠ“ áˆˆá‰°áˆˆá‹«á‹© áˆ›áˆµá‹‹á‰¢á‹« á‰€á‹³áˆš á‰°áˆ˜áˆ«áŒ­

â˜›Furniture & Wall Sticker
âœ“Perfect for creating new looks
âœ“Easy to install
âœ“Multi-Function
âœ“#Color: #Black & #White 
â˜›#Size: 60CM x 5M


ğŸ‘‰The Self Adhesive Waterproof Sticker can be used in a variety of settings, including walls, cabinets and drawers, counter tops, bookshelves, closet shelving, shelves, windows, and pantry areas.

Â á‹‹áŒ‹ğŸ’µá¦Â 1000 á‰¥áˆ­

ğŸ“£ áˆˆáˆ›á‹˜á‹ = @Orderqnash

á‹áˆµáŠ• ááˆ¬ áŠá‹ á‹¨á‰€áˆ¨á‹ âŒâŒ

Telegram - t.me/qnashcom
âš¡ï¸áŒ¥áˆ«á‰µ ğŸ”¼ á‹‹áˆµá‰µáŠ“ ğŸ› á‰…áŠ“áˆ½

ğŸ¬ áŠ á‹µáˆ«áˆ» á¦ 
ğŸ—ºá‰áŒ¥áˆ­ 1 :- áˆ˜áŒˆáŠ“áŠ› á‹˜ááˆ˜áˆ½ áŒáˆ«áŠ•á‹µ áˆáˆ 3 á‰°áŠ› áá‰… á‰áŒ¥áˆ­ 329 

ğŸ—ºá‰áŒ¥áˆ­ 2 :- áŒ€áˆ 1 áŠ¨áˆˆáˆ‹ áˆ…áŠ•áƒ áŒáˆ«á‹áŠ•á‹µ áˆˆá‹­ G07 

âŒâŒ áˆ›áˆ³áˆ°á‰¥á‹«: áˆ±á‰ƒá‰½áŠ• áˆ²áˆ˜áŒ¡ á‰µáŠ­áŠ­áˆˆáŠ› á‹¨áŠ› áˆ±á‰… áˆ˜áˆ†áŠ‘ á‹«áˆ¨áŒ‹áŒáŒ¡Â  á‹¨áˆ«áˆ³á‰½áŠ• áˆáŒ áˆ˜áŠ–áˆ©áŠ• áŠ¥áŠ“ 329 / G07 áˆ˜áˆ†áŠ‘ á‹«áˆ¨áŒ‹áŒáŒ¡ !

áˆµáˆáŠ­:
ğŸ“± 0946966440
ğŸ“± 0992606060
ğŸ“± 0905464599",@qnashcom
2025-05-21 09:36:43+00:00,,"ğŸ“Œ Self Adhesive Waterproof Sticker
Â Â Â Â Â Â Â Â  
â˜›Furniture & Wall Sticker
âœ“á‹áˆ€ á‹¨áˆ›á‹«áˆµáŒˆá‰£
âœ“áˆˆáŠªá‰½áŠ• áŠ«á‰¢áŠ”á‰µáŠ“ áŒáˆ­áŒá‹³
âœ“áˆˆá‰£áŠ á‰¤á‰µ áŒá‹µáŒá‹³
âœ“áˆˆáˆ˜á‹°áˆ­á‹°áˆªá‹«á£ áˆˆáŒ áˆ¨á‰¬á‹›á£ á‰áˆáˆ³áŒ¥áŠ•áŠ“ áˆˆá‰°áˆˆá‹«á‹© áˆ›áˆµá‹‹á‰¢á‹« á‰€á‹³áˆš á‰°áˆ˜áˆ«áŒ­

â˜›Furniture & Wall Sticker
âœ“Perfect for creating new looks
âœ“Easy to install
âœ“Multi-Function
âœ“#Color: #Black & #White 
â˜›#Size: 60CM x 5M


ğŸ‘‰The Self Adhesive Waterproof Sticker can be used in a variety of settings, including walls, cabinets and drawers, counter tops, bookshelves, closet shelving, shelves, windows, and pantry areas.

Â á‹‹áŒ‹ğŸ’µá¦Â 1000 á‰¥áˆ­

ğŸ“£ áˆˆáˆ›á‹˜á‹ = @Orderqnash

á‹áˆµáŠ• ááˆ¬ áŠá‹ á‹¨á‰€áˆ¨á‹ âŒâŒ

Telegram - t.me/qnashcom
âš¡ï¸áŒ¥áˆ«á‰µ ğŸ”¼ á‹‹áˆµá‰µáŠ“ ğŸ› á‰…áŠ“áˆ½

ğŸ¬ áŠ á‹µáˆ«áˆ» á¦ 
ğŸ—ºá‰áŒ¥áˆ­ 1 :- áˆ˜áŒˆáŠ“áŠ› á‹˜ááˆ˜áˆ½ áŒáˆ«áŠ•á‹µ áˆáˆ 3 á‰°áŠ› áá‰… á‰áŒ¥áˆ­ 329 

ğŸ—ºá‰áŒ¥áˆ­ 2 :- áŒ€áˆ 1 áŠ¨áˆˆáˆ‹ áˆ…áŠ•áƒ áŒáˆ«á‹áŠ•á‹µ áˆˆá‹­ G07 

âŒâŒ áˆ›áˆ³áˆ°á‰¥á‹«: áˆ±á‰ƒá‰½áŠ• áˆ²áˆ˜áŒ¡ á‰µáŠ­áŠ­áˆˆáŠ› á‹¨áŠ› áˆ±á‰… áˆ˜áˆ†áŠ‘ á‹«áˆ¨áŒ‹áŒáŒ¡Â  á‹¨áˆ«áˆ³á‰½áŠ• áˆáŒ áˆ˜áŠ–áˆ©áŠ• áŠ¥áŠ“ 329 / G07 áˆ˜áˆ†áŠ‘ á‹«áˆ¨áŒ‹áŒáŒ¡ !

áˆµáˆáŠ­:
ğŸ“± 0946966440
ğŸ“± 0992606060
ğŸ“± 0905464599",@qnashcom
2025-05-21 07:32:53+00:00,,"ğŸ‘ğŸ”¼Â  SCALP MASSAGER
á‹¨á€áŒ‰áˆ­ áˆ˜á‰³áŒ á‰¥á‹« áˆ˜á‰³áˆ» 

âœ”ï¸ wash- deep crescent with three pole side protrusions
âœ”ï¸ massage- spft massage promotes massage of scaip by gently massage
âœ”ï¸ massage with the elasticity of the point

ğŸ’µ 250 á‰¥áˆ­

á‹áˆµáŠ• ááˆ¬ áŠá‹ á‹¨á‰€áˆ¨á‹ âŒâŒâŒ

Telegram - t.me/qnashcom
ğŸ”¼ áŒ¥áˆ«á‰µ âœ”ï¸á‹‹áˆµá‰µáŠ“ ğŸ›á‰…áŠ“áˆ½

ğŸ¬ áŠ á‹µáˆ«áˆ» á¦ 
á‰áŒ¥áˆ­ 1 :- áˆ˜áŒˆáŠ“áŠ› á‹˜ááˆ˜áˆ½ áŒáˆ«áŠ•á‹µ áˆáˆ 3 á‰°áŠ› áá‰… á‰áŒ¥áˆ­ 329 

á‰áŒ¥áˆ­ 2 :- áŒ€áˆ 1 áŠ¨áˆˆáˆ‹ áˆ…áŠ•áƒ áŒáˆ«á‹áŠ•á‹µ áˆˆá‹­ G07 

âŒâŒ áˆ›áˆ³áˆ°á‰¥á‹«: áˆ±á‰ƒá‰½áŠ• áˆ²áˆ˜áŒ¡ á‰µáŠ­áŠ­áˆˆáŠ› á‹¨áŠ› áˆ±á‰… áˆ˜áˆ†áŠ‘ á‹«áˆ¨áŒ‹áŒáŒ¡Â  á‹¨áˆ«áˆ³á‰½áŠ• áˆáŒ áˆ˜áŠ–áˆ©áŠ• áŠ¥áŠ“ 329 / G07 áˆ˜áˆ†áŠ‘ á‹«áˆ¨áŒ‹áŒáŒ¡ !

áˆµáˆáŠ­:
ğŸ“±0946966440
ğŸ“±0992606060
ğŸ“±0905464599",@qnashcom
2025-05-20 15:21:19+00:00,,"ğŸ‘ğŸ”¼Â  SCALP MASSAGER
á‹¨á€áŒ‰áˆ­ áˆ˜á‰³áŒ á‰¥á‹« áˆ˜á‰³áˆ» 

âœ”ï¸ wash- deep crescent with three pole side protrusions
âœ”ï¸ massage- spft massage promotes massage of scaip by gently massage
âœ”ï¸ massage with the elasticity of the point

ğŸ’µ 250 á‰¥áˆ­

á‹áˆµáŠ• ááˆ¬ áŠá‹ á‹¨á‰€áˆ¨á‹ âŒâŒâŒ

Telegram - t.me/qnashcom
ğŸ”¼ áŒ¥áˆ«á‰µ âœ”ï¸á‹‹áˆµá‰µáŠ“ ğŸ›á‰…áŠ“áˆ½

ğŸ¬ áŠ á‹µáˆ«áˆ» á¦ 
á‰áŒ¥áˆ­ 1 :- áˆ˜áŒˆáŠ“áŠ› á‹˜ááˆ˜áˆ½ áŒáˆ«áŠ•á‹µ áˆáˆ 3 á‰°áŠ› áá‰… á‰áŒ¥áˆ­ 329 

á‰áŒ¥áˆ­ 2 :- áŒ€áˆ 1 áŠ¨áˆˆáˆ‹ áˆ…áŠ•áƒ áŒáˆ«á‹áŠ•á‹µ áˆˆá‹­ G07 

âŒâŒ áˆ›áˆ³áˆ°á‰¥á‹«: áˆ±á‰ƒá‰½áŠ• áˆ²áˆ˜áŒ¡ á‰µáŠ­áŠ­áˆˆáŠ› á‹¨áŠ› áˆ±á‰… áˆ˜áˆ†áŠ‘ á‹«áˆ¨áŒ‹áŒáŒ¡Â  á‹¨áˆ«áˆ³á‰½áŠ• áˆáŒ áˆ˜áŠ–áˆ©áŠ• áŠ¥áŠ“ 329 / G07 áˆ˜áˆ†áŠ‘ á‹«áˆ¨áŒ‹áŒáŒ¡ !

áˆµáˆáŠ­:
ğŸ“±0946966440
ğŸ“±0992606060
ğŸ“±0905464599",@qnashcom
2025-05-20 15:17:44+00:00,,"ğŸŸ¢Portable Sealing Machine

ğŸ”¼Button Switch 
â¡ï¸ east to use

âš ï¸ á‹­á‹ áˆˆáˆ˜áŠ•á‰€áˆ³á‰€áˆµ áˆá‰¹

á‹‹áŒ‹ğŸ’µá¦Â 600 á‰¥áˆ­

á‹áˆµáŠ• ááˆ¬ áŠá‹ á‹¨á‰€áˆ¨á‹ âŒâŒ

Telegram - t.me/qnashcom
âš¡ï¸áŒ¥áˆ«á‰µ ğŸ”¼ á‹‹áˆµá‰µáŠ“ ğŸ› á‰…áŠ“áˆ½

ğŸ¬ áŠ á‹µáˆ«áˆ» á¦ 
ğŸ—ºá‰áŒ¥áˆ­ 1 :- áˆ˜áŒˆáŠ“áŠ› á‹˜ááˆ˜áˆ½ áŒáˆ«áŠ•á‹µ áˆáˆ 3 á‰°áŠ› áá‰… á‰áŒ¥áˆ­ 329 

ğŸ—ºá‰áŒ¥áˆ­ 2 :- áŒ€áˆ 1 áŠ¨áˆˆáˆ‹ áˆ…áŠ•áƒ áŒáˆ«á‹áŠ•á‹µ áˆˆá‹­ G07 

âŒâŒ áˆ›áˆ³áˆ°á‰¥á‹«: áˆ±á‰ƒá‰½áŠ• áˆ²áˆ˜áŒ¡ á‰µáŠ­áŠ­áˆˆáŠ› á‹¨áŠ› áˆ±á‰… áˆ˜áˆ†áŠ‘ á‹«áˆ¨áŒ‹áŒáŒ¡Â  á‹¨áˆ«áˆ³á‰½áŠ• áˆáŒ áˆ˜áŠ–áˆ©áŠ• áŠ¥áŠ“ 329 / G07 áˆ˜áˆ†áŠ‘ á‹«áˆ¨áŒ‹áŒáŒ¡ !

áˆµáˆáŠ­:
ğŸ“± 0946966440
ğŸ“± 0992606060
ğŸ“± 0905464599",@qnashcom
2025-05-20 04:52:53+00:00,,"ğŸŸ¢Portable Sealing Machine

ğŸ”¼Button Switch 
â¡ï¸ east to use

âš ï¸ á‹­á‹ áˆˆáˆ˜áŠ•á‰€áˆ³á‰€áˆµ áˆá‰¹

á‹‹áŒ‹ğŸ’µá¦Â 600 á‰¥áˆ­

á‹áˆµáŠ• ááˆ¬ áŠá‹ á‹¨á‰€áˆ¨á‹ âŒâŒ

Telegram - t.me/qnashcom
âš¡ï¸áŒ¥áˆ«á‰µ ğŸ”¼ á‹‹áˆµá‰µáŠ“ ğŸ› á‰…áŠ“áˆ½

ğŸ¬ áŠ á‹µáˆ«áˆ» á¦ 
ğŸ—ºá‰áŒ¥áˆ­ 1 :- áˆ˜áŒˆáŠ“áŠ› á‹˜ááˆ˜áˆ½ áŒáˆ«áŠ•á‹µ áˆáˆ 3 á‰°áŠ› áá‰… á‰áŒ¥áˆ­ 329 

ğŸ—ºá‰áŒ¥áˆ­ 2 :- áŒ€áˆ 1 áŠ¨áˆˆáˆ‹ áˆ…áŠ•áƒ áŒáˆ«á‹áŠ•á‹µ áˆˆá‹­ G07 

âŒâŒ áˆ›áˆ³áˆ°á‰¥á‹«: áˆ±á‰ƒá‰½áŠ• áˆ²áˆ˜áŒ¡ á‰µáŠ­áŠ­áˆˆáŠ› á‹¨áŠ› áˆ±á‰… áˆ˜áˆ†áŠ‘ á‹«áˆ¨áŒ‹áŒáŒ¡Â  á‹¨áˆ«áˆ³á‰½áŠ• áˆáŒ áˆ˜áŠ–áˆ©áŠ• áŠ¥áŠ“ 329 / G07 áˆ˜áˆ†áŠ‘ á‹«áˆ¨áŒ‹áŒáŒ¡ !

áˆµáˆáŠ­:
ğŸ“± 0946966440
ğŸ“± 0992606060
ğŸ“± 0905464599",@qnashcom
2025-05-19 15:55:10+00:00,,"ğŸ’¯ Lint Roller

Â Â Â Â Â Â Â Â á‹‹áŒ‹ğŸ’µá¦Â 700 á‰¥áˆ­

ğŸ“£ áˆˆáˆ›á‹˜á‹ = @Orderqnash

á‹áˆµáŠ• ááˆ¬ áŠá‹ á‹¨á‰€áˆ¨á‹ âŒâŒ

Telegram - t.me/qnashcom
âš¡ï¸áŒ¥áˆ«á‰µ ğŸ”¼ á‹‹áˆµá‰µáŠ“ ğŸ› á‰…áŠ“áˆ½

ğŸ¬ áŠ á‹µáˆ«áˆ» á¦ 
ğŸ—ºá‰áŒ¥áˆ­ 1 :- áˆ˜áŒˆáŠ“áŠ› á‹˜ááˆ˜áˆ½ áŒáˆ«áŠ•á‹µ áˆáˆ 3 á‰°áŠ› áá‰… á‰áŒ¥áˆ­ 329 

ğŸ—ºá‰áŒ¥áˆ­ 2 :- áŒ€áˆ 1 áŠ¨áˆˆáˆ‹ áˆ…áŠ•áƒ áŒáˆ«á‹áŠ•á‹µ áˆˆá‹­ G07 

âŒâŒ áˆ›áˆ³áˆ°á‰¥á‹«: áˆ±á‰ƒá‰½áŠ• áˆ²áˆ˜áŒ¡ á‰µáŠ­áŠ­áˆˆáŠ› á‹¨áŠ› áˆ±á‰… áˆ˜áˆ†áŠ‘ á‹«áˆ¨áŒ‹áŒáŒ¡Â  á‹¨áˆ«áˆ³á‰½áŠ• áˆáŒ áˆ˜áŠ–áˆ©áŠ• áŠ¥áŠ“ 329 / G07 áˆ˜áˆ†áŠ‘ á‹«áˆ¨áŒ‹áŒáŒ¡ !

áˆµáˆáŠ­:
ğŸ“± 0946966440
ğŸ“± 0992606060
ğŸ“± 0905464599",@qnashcom
2025-05-18 10:00:02+00:00,,"ğŸ“£á‰ á‰…áŠ“áˆ½ á‰ á‹µáŒ‹áˆš áŒˆá‰¥á‰±á‹‹áˆ

ğŸ“ŒğŸ“£ Heated Ceramic Hair Straightener Brush

âš¡ï¸á‹˜áˆ˜áŠ“á‹Š áŠ á‹²áˆµ á‹¨á€áŒ‰áˆ­ áˆ˜á‰°áŠ®áˆ»Â  á‰ áŠ¤áˆŒáŠ­á‰µáˆªáŠ­ á‹¨áˆšáˆ°áˆ«
âš¡ï¸áˆŒáˆ‹ áˆ°á‹‰ áˆ³á‹«áˆµáˆáˆáŒá‹ áˆ«áˆµá‹ á€áŒ‰áˆ­á‹áŠ• á‰ áˆ›á‰ áŒ áˆ­ á‰¥á‰» á‹¨áˆšá‰°áŠ©áˆ±á‰ á‰µ áŠ á‹²áˆµ áˆ›á‰ áŒ áˆªá‹« á”áˆµá‰µáˆ« 
âš¡ï¸áˆáŠ•áˆ áŠ á‹­áŠá‰µ á‹µáˆá… á‹¨áˆŒáˆˆá‹‰ 
âš¡ï¸á€áŒ‰áˆ­ á‹¨áˆ›á‹­áŒá‹³ áŠ áˆµá‰°áˆ›áˆ›áŠ
âš¡ï¸áˆµá‰µáˆ¬á‰µ áŠ¥áŠ“ áŠ¨áˆ­áˆ á‹¨áˆšáˆ°áˆ« á‹•á‰ƒ 
âš¡ï¸áŒá‹œá‹áŠ• á‹¨áˆšá‰†áŒ¥á‰¥á£ á‹¨áˆ›á‹«á‹°áŠ­áˆ

Â Â Â Â Â Â Â Â  ğŸ’µ á‹‹áŒ‹á¦Â  1350 âŒ 1200 âœ…

á‹áˆµáŠ• ááˆ¬ áŠá‹ á‹¨á‰€áˆ¨á‹ âŒâŒ
< Limited Stock âŒ
ğŸ”¼ áŒ¥áˆ«á‰µ âœ”ï¸á‹‹áˆµá‰µáŠ“ ğŸ› á‰…áŠ“áˆ½

ğŸ¬ áŠ á‹µáˆ«áˆ» á¦ 
ğŸ—ºá‰áŒ¥áˆ­ 1 :- áˆ˜áŒˆáŠ“áŠ› á‹˜ááˆ˜áˆ½ áŒáˆ«áŠ•á‹µ áˆáˆ 3 á‰°áŠ› áá‰… á‰áŒ¥áˆ­ 329 

ğŸ—ºá‰áŒ¥áˆ­ 2 :- áŒ€áˆ 1 áŠ¨áˆˆáˆ‹ áˆ…áŠ•áƒ áŒáˆ«á‹áŠ•á‹µ áˆˆá‹­ G07 

âŒâŒ áˆ›áˆ³áˆ°á‰¥á‹«: áˆ±á‰ƒá‰½áŠ• áˆ²áˆ˜áŒ¡ á‰µáŠ­áŠ­áˆˆáŠ› á‹¨áŠ› áˆ±á‰… áˆ˜áˆ†áŠ‘ á‹«áˆ¨áŒ‹áŒáŒ¡Â  á‹¨áˆ«áˆ³á‰½áŠ• áˆáŒ áˆ˜áŠ–áˆ©áŠ• áŠ¥áŠ“ 329 / G07 áˆ˜áˆ†áŠ‘ á‹«áˆ¨áŒ‹áŒáŒ¡ !

áˆµáˆáŠ­:
ğŸ“±0946966440
ğŸ“±0992606060
ğŸ“±0905464599",@qnashcom
2025-05-18 07:38:54+00:00,,"â¡ï¸ Adjustable Baby Shower Cap Child Kids Shampoo Bath Hat Wash Hair Shield

Â Â Â Â Â Â Â Â Â Â Â  ğŸ’² á‹‹áŒ‹á¦Â  200 á‰¥áˆ­

âŒ á‹áˆµáŠ• ááˆ¬ áŠá‹ á‹¨á‰€áˆ¨á‹ âŒ
Â Â Â Â Â Â Â  ã€ŠLimited stockã€‹

Telegram - t.me/qnashcom
Website - www.qnash.com
ğŸ”¼áŒ¥áˆ«á‰µ âœ”ï¸ á‹‹áˆµá‰µáŠ“ ğŸ› á‰…áŠ“áˆ½

ğŸ¬ áŠ á‹µáˆ«áˆ» á¦ 
ğŸ—ºá‰áŒ¥áˆ­ 1 :- áˆ˜áŒˆáŠ“áŠ› á‹˜ááˆ˜áˆ½ áŒáˆ«áŠ•á‹µ áˆáˆ 3 á‰°áŠ› áá‰… á‰áŒ¥áˆ­ 329 

ğŸ—ºá‰áŒ¥áˆ­ 2 :- áŒ€áˆ 1 áŠ¨áˆˆáˆ‹ áˆ…áŠ•áƒ áŒáˆ«á‹áŠ•á‹µ áˆˆá‹­ G07 

âŒâŒ áˆ›áˆ³áˆ°á‰¥á‹«: áˆ±á‰ƒá‰½áŠ• áˆ²áˆ˜áŒ¡ á‰µáŠ­áŠ­áˆˆáŠ› á‹¨áŠ› áˆ±á‰… áˆ˜áˆ†áŠ‘ á‹«áˆ¨áŒ‹áŒáŒ¡Â  á‹¨áˆ«áˆ³á‰½áŠ• áˆáŒ áˆ˜áŠ–áˆ©áŠ• áŠ¥áŠ“ 329 / G07 áˆ˜áˆ†áŠ‘ á‹«áˆ¨áŒ‹áŒáŒ¡ !

áˆµáˆáŠ­:
ğŸ“±0946966440
ğŸ“±0992606060
ğŸ“±0905464599",@qnashcom
2025-05-17 16:03:54+00:00,,"â¡ï¸ Adjustable Baby Shower Cap Child Kids Shampoo Bath Hat Wash Hair Shield

Â Â Â Â Â Â Â Â Â Â Â  ğŸ’² á‹‹áŒ‹á¦Â  200 á‰¥áˆ­

âŒ á‹áˆµáŠ• ááˆ¬ áŠá‹ á‹¨á‰€áˆ¨á‹ âŒ
Â Â Â Â Â Â Â  ã€ŠLimited stockã€‹

Telegram - t.me/qnashcom
Website - www.qnash.com
ğŸ”¼áŒ¥áˆ«á‰µ âœ”ï¸ á‹‹áˆµá‰µáŠ“ ğŸ› á‰…áŠ“áˆ½

ğŸ¬ áŠ á‹µáˆ«áˆ» á¦ 
ğŸ—ºá‰áŒ¥áˆ­ 1 :- áˆ˜áŒˆáŠ“áŠ› á‹˜ááˆ˜áˆ½ áŒáˆ«áŠ•á‹µ áˆáˆ 3 á‰°áŠ› áá‰… á‰áŒ¥áˆ­ 329 

ğŸ—ºá‰áŒ¥áˆ­ 2 :- áŒ€áˆ 1 áŠ¨áˆˆáˆ‹ áˆ…áŠ•áƒ áŒáˆ«á‹áŠ•á‹µ áˆˆá‹­ G07 

âŒâŒ áˆ›áˆ³áˆ°á‰¥á‹«: áˆ±á‰ƒá‰½áŠ• áˆ²áˆ˜áŒ¡ á‰µáŠ­áŠ­áˆˆáŠ› á‹¨áŠ› áˆ±á‰… áˆ˜áˆ†áŠ‘ á‹«áˆ¨áŒ‹áŒáŒ¡Â  á‹¨áˆ«áˆ³á‰½áŠ• áˆáŒ áˆ˜áŠ–áˆ©áŠ• áŠ¥áŠ“ 329 / G07 áˆ˜áˆ†áŠ‘ á‹«áˆ¨áŒ‹áŒáŒ¡ !

áˆµáˆáŠ­:
ğŸ“±0946966440
ğŸ“±0992606060
ğŸ“±0905464599",@qnashcom
2025-05-16 17:35:35+00:00,,"ğŸ“£ IMPULSE SEALER

âœ”ï¸ á‹¨áˆ‹áˆµá‰²áŠ­ áˆ›áˆ¸áŒŠá‹«
âœ”ï¸ á‰ áŠ¤áˆŒáŠ­á‰µáˆªáŠ­ á‹¨áˆšáˆ°áˆ«
âœ”ï¸áˆˆá‰£áˆá‰µáŠ“Â  
âœ”ï¸áˆáŒá‰¥ áŠ áˆ½áŒ áˆˆáˆ›áˆµá‰€áˆ˜áŒ¥

â¡ï¸ 20cm áˆµá‹á‰µÂ  ğŸ’µ2350
â¡ï¸ 30cm áˆµá‹á‰µÂ  ğŸ’µ2800
â¡ï¸ 40cm áˆµá‹á‰µÂ  ğŸ’µ3400

ğŸ“£ áˆˆáˆ›á‹˜á‹ = @Orderqnash

á‹áˆµáŠ• ááˆ¬ áŠá‹ á‹¨á‰€áˆ¨á‹ âŒâŒ
< Limited Stock ğŸ“Œ

Telegram - t.me/qnashcom
Telegram - t.me/qnashcom
ğŸ”¼áŒ¥áˆ«á‰µ âœ”ï¸ á‹‹áˆµá‰µáŠ“ ğŸ›á‰…áŠ“áˆ½

ğŸ¬ áŠ á‹µáˆ«áˆ» á¦ 
ğŸ—ºá‰áŒ¥áˆ­ 1 :- áˆ˜áŒˆáŠ“áŠ› á‹˜ááˆ˜áˆ½ áŒáˆ«áŠ•á‹µ áˆáˆ 3 á‰°áŠ› áá‰… á‰áŒ¥áˆ­ 329 

ğŸ—ºá‰áŒ¥áˆ­ 2 :- áŒ€áˆ 1 áŠ¨áˆˆáˆ‹ áˆ…áŠ•áƒ áŒáˆ«á‹áŠ•á‹µ áˆˆá‹­ G07 

âŒâŒ áˆ›áˆ³áˆ°á‰¥á‹«: áˆ±á‰ƒá‰½áŠ• áˆ²áˆ˜áŒ¡ á‰µáŠ­áŠ­áˆˆáŠ› á‹¨áŠ› áˆ±á‰… áˆ˜áˆ†áŠ‘ á‹«áˆ¨áŒ‹áŒáŒ¡Â  á‹¨áˆ«áˆ³á‰½áŠ• áˆáŒ áˆ˜áŠ–áˆ©áŠ• áŠ¥áŠ“ 329 / G07 áˆ˜áˆ†áŠ‘ á‹«áˆ¨áŒ‹áŒáŒ¡ !

áˆµáˆáŠ­:
ğŸ“±0946966440
ğŸ“±0992606060
ğŸ“±0905464599",@qnashcom
2025-05-16 04:18:15+00:00,,"ğŸ“£ IMPULSE SEALER

âœ”ï¸ á‹¨áˆ‹áˆµá‰²áŠ­ áˆ›áˆ¸áŒŠá‹«
âœ”ï¸ á‰ áŠ¤áˆŒáŠ­á‰µáˆªáŠ­ á‹¨áˆšáˆ°áˆ«
âœ”ï¸áˆˆá‰£áˆá‰µáŠ“Â  
âœ”ï¸áˆáŒá‰¥ áŠ áˆ½áŒ áˆˆáˆ›áˆµá‰€áˆ˜áŒ¥

â¡ï¸ 20cm áˆµá‹á‰µÂ  ğŸ’µ2350
â¡ï¸ 30cm áˆµá‹á‰µÂ  ğŸ’µ2800
â¡ï¸ 40cm áˆµá‹á‰µÂ  ğŸ’µ3400

ğŸ“£ áˆˆáˆ›á‹˜á‹ = @Orderqnash

á‹áˆµáŠ• ááˆ¬ áŠá‹ á‹¨á‰€áˆ¨á‹ âŒâŒ
< Limited Stock ğŸ“Œ

Telegram - t.me/qnashcom
Telegram - t.me/qnashcom
ğŸ”¼áŒ¥áˆ«á‰µ âœ”ï¸ á‹‹áˆµá‰µáŠ“ ğŸ›á‰…áŠ“áˆ½

ğŸ¬ áŠ á‹µáˆ«áˆ» á¦ 
ğŸ—ºá‰áŒ¥áˆ­ 1 :- áˆ˜áŒˆáŠ“áŠ› á‹˜ááˆ˜áˆ½ áŒáˆ«áŠ•á‹µ áˆáˆ 3 á‰°áŠ› áá‰… á‰áŒ¥áˆ­ 329 

ğŸ—ºá‰áŒ¥áˆ­ 2 :- áŒ€áˆ 1 áŠ¨áˆˆáˆ‹ áˆ…áŠ•áƒ áŒáˆ«á‹áŠ•á‹µ áˆˆá‹­ G07 

âŒâŒ áˆ›áˆ³áˆ°á‰¥á‹«: áˆ±á‰ƒá‰½áŠ• áˆ²áˆ˜áŒ¡ á‰µáŠ­áŠ­áˆˆáŠ› á‹¨áŠ› áˆ±á‰… áˆ˜áˆ†áŠ‘ á‹«áˆ¨áŒ‹áŒáŒ¡Â  á‹¨áˆ«áˆ³á‰½áŠ• áˆáŒ áˆ˜áŠ–áˆ©áŠ• áŠ¥áŠ“ 329 / G07 áˆ˜áˆ†áŠ‘ á‹«áˆ¨áŒ‹áŒáŒ¡ !

áˆµáˆáŠ­:
ğŸ“±0946966440
ğŸ“±0992606060
ğŸ“±0905464599",@qnashcom
2025-05-15 10:40:02+00:00,,"ğŸ‘ ğŸ‘ŸğŸ‘ ğŸ‘ ğŸ¥¾ğŸ‘¢ğŸ¥¿ğŸ‘ŸğŸ‘¡ğŸ‘ ğŸ‘ ğŸ‘ŸğŸ‘ŸğŸ‘¡
36 pairs over the door shoe rack

â¡ï¸ á‰ á‰€áˆ‹áˆ‰ á‹¨áˆšáŒˆáŒ£áŒ áˆ á‹¨áˆšáŠá‰ƒá‰€áˆ
â¡ï¸áŠ‘áˆ®áŠ• á‹¨áˆšá‹«á‰€áˆ
â¡ï¸á‰¦á‰³ á‹¨áˆ›á‹­á‹ 
â¡ï¸áˆˆáŠ áŒ á‰ƒá‰€áˆ á‰ áŒ£áˆ á‰€áˆ‹áˆ
â¡ï¸á‰£áˆˆ 12 áˆ˜á‹°áˆ­á‹°áˆªá‹« 
â¡ï¸36 áŒ«áˆ› á‹¨áˆšá‹­á‹ á‰ áˆ­ áˆ‹á‹­ á‰°áŠ•áŒ áˆáŒ£á‹­

ğŸ“Size 50*20*183cm

Â Â Â Â Â Â  á‹‹áŒ‹ğŸ’µá¦Â 3000 á‰¥áˆ­

ğŸ“£ áˆˆáˆ›á‹˜á‹ = @Orderqnash

á‹áˆµáŠ• ááˆ¬ áŠá‹ á‹¨á‰€áˆ¨á‹ âŒâŒ

Telegram - t.me/qnashcom
âš¡ï¸áŒ¥áˆ«á‰µ ğŸ”¼ á‹‹áˆµá‰µáŠ“ ğŸ› á‰…áŠ“áˆ½

ğŸ¬ áŠ á‹µáˆ«áˆ» á¦ 
ğŸ—ºá‰áŒ¥áˆ­ 1 :- áˆ˜áŒˆáŠ“áŠ› á‹˜ááˆ˜áˆ½ áŒáˆ«áŠ•á‹µ áˆáˆ 3 á‰°áŠ› áá‰… á‰áŒ¥áˆ­ 329 

ğŸ—ºá‰áŒ¥áˆ­ 2 :- áŒ€áˆ 1 áŠ¨áˆˆáˆ‹ áˆ…áŠ•áƒ áŒáˆ«á‹áŠ•á‹µ áˆˆá‹­ G07 

âŒâŒ áˆ›áˆ³áˆ°á‰¥á‹«: áˆ±á‰ƒá‰½áŠ• áˆ²áˆ˜áŒ¡ á‰µáŠ­áŠ­áˆˆáŠ› á‹¨áŠ› áˆ±á‰… áˆ˜áˆ†áŠ‘ á‹«áˆ¨áŒ‹áŒáŒ¡Â  á‹¨áˆ«áˆ³á‰½áŠ• áˆáŒ áˆ˜áŠ–áˆ©áŠ• áŠ¥áŠ“ 329 / G07 áˆ˜áˆ†áŠ‘ á‹«áˆ¨áŒ‹áŒáŒ¡ !

áˆµáˆáŠ­:
ğŸ“± 0946966440
ğŸ“± 0992606060
ğŸ“± 0905464599",@qnashcom
2025-05-15 06:37:41+00:00,,"ğŸ‘ ğŸ‘ŸğŸ‘ ğŸ‘ ğŸ¥¾ğŸ‘¢ğŸ¥¿ğŸ‘ŸğŸ‘¡ğŸ‘ ğŸ‘ ğŸ‘ŸğŸ‘ŸğŸ‘¡
36 pairs over the door shoe rack

â¡ï¸ á‰ á‰€áˆ‹áˆ‰ á‹¨áˆšáŒˆáŒ£áŒ áˆ á‹¨áˆšáŠá‰ƒá‰€áˆ
â¡ï¸áŠ‘áˆ®áŠ• á‹¨áˆšá‹«á‰€áˆ
â¡ï¸á‰¦á‰³ á‹¨áˆ›á‹­á‹ 
â¡ï¸áˆˆáŠ áŒ á‰ƒá‰€áˆ á‰ áŒ£áˆ á‰€áˆ‹áˆ
â¡ï¸á‰£áˆˆ 12 áˆ˜á‹°áˆ­á‹°áˆªá‹« 
â¡ï¸36 áŒ«áˆ› á‹¨áˆšá‹­á‹ á‰ áˆ­ áˆ‹á‹­ á‰°áŠ•áŒ áˆáŒ£á‹­

ğŸ“Size 50*20*183cm

Â Â Â Â Â Â  á‹‹áŒ‹ğŸ’µá¦Â 3000 á‰¥áˆ­

ğŸ“£ áˆˆáˆ›á‹˜á‹ = @Orderqnash

á‹áˆµáŠ• ááˆ¬ áŠá‹ á‹¨á‰€áˆ¨á‹ âŒâŒ

Telegram - t.me/qnashcom
âš¡ï¸áŒ¥áˆ«á‰µ ğŸ”¼ á‹‹áˆµá‰µáŠ“ ğŸ› á‰…áŠ“áˆ½

ğŸ¬ áŠ á‹µáˆ«áˆ» á¦ 
ğŸ—ºá‰áŒ¥áˆ­ 1 :- áˆ˜áŒˆáŠ“áŠ› á‹˜ááˆ˜áˆ½ áŒáˆ«áŠ•á‹µ áˆáˆ 3 á‰°áŠ› áá‰… á‰áŒ¥áˆ­ 329 

ğŸ—ºá‰áŒ¥áˆ­ 2 :- áŒ€áˆ 1 áŠ¨áˆˆáˆ‹ áˆ…áŠ•áƒ áŒáˆ«á‹áŠ•á‹µ áˆˆá‹­ G07 

âŒâŒ áˆ›áˆ³áˆ°á‰¥á‹«: áˆ±á‰ƒá‰½áŠ• áˆ²áˆ˜áŒ¡ á‰µáŠ­áŠ­áˆˆáŠ› á‹¨áŠ› áˆ±á‰… áˆ˜áˆ†áŠ‘ á‹«áˆ¨áŒ‹áŒáŒ¡Â  á‹¨áˆ«áˆ³á‰½áŠ• áˆáŒ áˆ˜áŠ–áˆ©áŠ• áŠ¥áŠ“ 329 / G07 áˆ˜áˆ†áŠ‘ á‹«áˆ¨áŒ‹áŒáŒ¡ !

áˆµáˆáŠ­:
ğŸ“± 0946966440
ğŸ“± 0992606060
ğŸ“± 0905464599",@qnashcom
2025-05-14 06:50:01+00:00,,"ğŸ‘ ğŸ‘ŸğŸ‘ ğŸ‘ ğŸ¥¾ğŸ‘¢ğŸ¥¿ğŸ‘ŸğŸ‘¡ğŸ‘ ğŸ‘ ğŸ‘ŸğŸ‘ŸğŸ‘¡
36 pairs over the door shoe rack

â¡ï¸ á‰ á‰€áˆ‹áˆ‰ á‹¨áˆšáŒˆáŒ£áŒ áˆ á‹¨áˆšáŠá‰ƒá‰€áˆ
â¡ï¸áŠ‘áˆ®áŠ• á‹¨áˆšá‹«á‰€áˆ
â¡ï¸á‰¦á‰³ á‹¨áˆ›á‹­á‹ 
â¡ï¸áˆˆáŠ áŒ á‰ƒá‰€áˆ á‰ áŒ£áˆ á‰€áˆ‹áˆ
â¡ï¸á‰£áˆˆ 12 áˆ˜á‹°áˆ­á‹°áˆªá‹« 
â¡ï¸36 áŒ«áˆ› á‹¨áˆšá‹­á‹ á‰ áˆ­ áˆ‹á‹­ á‰°áŠ•áŒ áˆáŒ£á‹­

ğŸ“Size 50*20*183cm

Â Â Â Â Â Â  á‹‹áŒ‹ğŸ’µá¦Â 3000 á‰¥áˆ­

ğŸ“£ áˆˆáˆ›á‹˜á‹ = @Orderqnash

á‹áˆµáŠ• ááˆ¬ áŠá‹ á‹¨á‰€áˆ¨á‹ âŒâŒ

Telegram - t.me/qnashcom
âš¡ï¸áŒ¥áˆ«á‰µ ğŸ”¼ á‹‹áˆµá‰µáŠ“ ğŸ› á‰…áŠ“áˆ½

ğŸ¬ áŠ á‹µáˆ«áˆ» á¦ 
ğŸ—ºá‰áŒ¥áˆ­ 1 :- áˆ˜áŒˆáŠ“áŠ› á‹˜ááˆ˜áˆ½ áŒáˆ«áŠ•á‹µ áˆáˆ 3 á‰°áŠ› áá‰… á‰áŒ¥áˆ­ 329 

ğŸ—ºá‰áŒ¥áˆ­ 2 :- áŒ€áˆ 1 áŠ¨áˆˆáˆ‹ áˆ…áŠ•áƒ áŒáˆ«á‹áŠ•á‹µ áˆˆá‹­ G07 

âŒâŒ áˆ›áˆ³áˆ°á‰¥á‹«: áˆ±á‰ƒá‰½áŠ• áˆ²áˆ˜áŒ¡ á‰µáŠ­áŠ­áˆˆáŠ› á‹¨áŠ› áˆ±á‰… áˆ˜áˆ†áŠ‘ á‹«áˆ¨áŒ‹áŒáŒ¡Â  á‹¨áˆ«áˆ³á‰½áŠ• áˆáŒ áˆ˜áŠ–áˆ©áŠ• áŠ¥áŠ“ 329 / G07 áˆ˜áˆ†áŠ‘ á‹«áˆ¨áŒ‹áŒáŒ¡ !

áˆµáˆáŠ­:
ğŸ“± 0946966440
ğŸ“± 0992606060
ğŸ“± 0905464599",@qnashcom
2025-05-13 06:54:59+00:00,,"ğŸ’§ Cille Portable 1 Litter Water Bottle
áŠ áŠ•á‹µ áˆŠá‰µáˆ­ á‹¨á‹áˆƒ áŠ®á‹³
ğŸ’¯ High Quality Â®ï¸

â¡ï¸ BPA Free 
â¡ï¸ Leak Proof 
â¡ï¸ Large Capacity 
â¡ï¸ With Tea Infuser

Â Â Â  ğŸ’µá‹‹áŒ‹:- 700 á‰¥áˆ­ 

á‹áˆµáŠ• ááˆ¬ áŠá‹ á‹¨á‰€áˆ¨á‹ âŒâŒ
< Limited Stock âŒ

Telegram - t.me/qnashcom
Telegram - t.me/qnashcom
âš¡ï¸áŒ¥áˆ«á‰µ âœ”ï¸ á‹‹áˆµá‰µáŠ“ ğŸ› á‰…áŠ“áˆ½

ğŸ¬ áŠ á‹µáˆ«áˆ» á¦ 
á‰áŒ¥áˆ­ 1 :- áˆ˜áŒˆáŠ“áŠ› á‹˜ááˆ˜áˆ½ áŒáˆ«áŠ•á‹µ áˆáˆ 3 á‰°áŠ› áá‰… á‰áŒ¥áˆ­ 329 

á‰áŒ¥áˆ­ 2 :- áŒ€áˆ 1 áŠ¨áˆˆáˆ‹ áˆ…áŠ•áƒ áŒáˆ«á‹áŠ•á‹µ áˆˆá‹­ G07 

âŒâŒ áˆ›áˆ³áˆ°á‰¥á‹«: áˆ±á‰ƒá‰½áŠ• áˆ²áˆ˜áŒ¡ á‰µáŠ­áŠ­áˆˆáŠ› á‹¨áŠ› áˆ±á‰… áˆ˜áˆ†áŠ‘ á‹«áˆ¨áŒ‹áŒáŒ¡Â  á‹¨áˆ«áˆ³á‰½áŠ• áˆáŒ áˆ˜áŠ–áˆ©áŠ• áŠ¥áŠ“ 329 / G07 áˆ˜áˆ†áŠ‘ á‹«áˆ¨áŒ‹áŒáŒ¡ !

áˆµáˆáŠ­:
ğŸ“±0946966440
ğŸ“±0992606060
ğŸ“±0905464599",@qnashcom
2025-05-12 12:28:56+00:00,,"ğŸ’§ Cille Portable 1 Litter Water Bottle
áŠ áŠ•á‹µ áˆŠá‰µáˆ­ á‹¨á‹áˆƒ áŠ®á‹³
ğŸ’¯ High Quality Â®ï¸

â¡ï¸ BPA Free 
â¡ï¸ Leak Proof 
â¡ï¸ Large Capacity 
â¡ï¸ With Tea Infuser

Â Â Â  ğŸ’µá‹‹áŒ‹:- 700 á‰¥áˆ­ 

á‹áˆµáŠ• ááˆ¬ áŠá‹ á‹¨á‰€áˆ¨á‹ âŒâŒ
< Limited Stock âŒ

Telegram - t.me/qnashcom
Telegram - t.me/qnashcom
âš¡ï¸áŒ¥áˆ«á‰µ âœ”ï¸ á‹‹áˆµá‰µáŠ“ ğŸ› á‰…áŠ“áˆ½

ğŸ¬ áŠ á‹µáˆ«áˆ» á¦ 
á‰áŒ¥áˆ­ 1 :- áˆ˜áŒˆáŠ“áŠ› á‹˜ááˆ˜áˆ½ áŒáˆ«áŠ•á‹µ áˆáˆ 3 á‰°áŠ› áá‰… á‰áŒ¥áˆ­ 329 

á‰áŒ¥áˆ­ 2 :- áŒ€áˆ 1 áŠ¨áˆˆáˆ‹ áˆ…áŠ•áƒ áŒáˆ«á‹áŠ•á‹µ áˆˆá‹­ G07 

âŒâŒ áˆ›áˆ³áˆ°á‰¥á‹«: áˆ±á‰ƒá‰½áŠ• áˆ²áˆ˜áŒ¡ á‰µáŠ­áŠ­áˆˆáŠ› á‹¨áŠ› áˆ±á‰… áˆ˜áˆ†áŠ‘ á‹«áˆ¨áŒ‹áŒáŒ¡Â  á‹¨áˆ«áˆ³á‰½áŠ• áˆáŒ áˆ˜áŠ–áˆ©áŠ• áŠ¥áŠ“ 329 / G07 áˆ˜áˆ†áŠ‘ á‹«áˆ¨áŒ‹áŒáŒ¡ !

áˆµáˆáŠ­:
ğŸ“±0946966440
ğŸ“±0992606060
ğŸ“±0905464599",@qnashcom
2025-05-12 10:53:05+00:00,,"ğŸ“£ğŸ—‘ğŸ—‘Â  FOLDING Kitchen Wast Bin

ğŸ’¯ğŸ’¯ á‹ˆááˆ«áˆ™

ğŸ—‘ á‰°áŒ£áŒ£áŠ á‹¨á‰†áˆ»áˆ» áˆ›áˆµá‰€áˆ˜áŒ«
ğŸ—‘ áŠ¨á‹ˆááˆ«áˆ áŒáˆ› á‹¨á‰°áˆ°áˆ«
ğŸ—‘á‹­á‰³áŒ á‹áˆ áŠ¥áŠ•áŒ‚ á‹¨áˆ›á‹­á‰€á‹°á‹µ
ğŸ—‘ áŠªá‰½áŠ• áŠ«á‰¢áŠ”á‰µ á‰ áˆ­ áˆ‹á‹­ á‹¨áˆšáˆˆáŒ á
ğŸ—‘ áˆˆáŠªá‰½áŠ• áŠ•á…áˆ…áŠ“ á‹¨áˆšáˆ˜áˆ¨áŒ¥
ğŸ—‘ á‹¨áˆ‹áˆ°áˆ°á‰²áŠ­ áˆ˜á‰†áŠ•áŒ áŒ«Â  á‹«áˆˆá‹
ğŸ—‘ áˆáˆˆá‰µ á‹¨á‰°áˆˆá‹«á‹¨ áˆ˜áŒ áŠ• á‹«áˆ‹á‰¸á‹ á‰…áˆ­áŒ«á‰¶á‰½
ğŸ—‘ á‹¨á‰µáˆ á‰¦á‰³ áˆŠáŒ á‰€áˆ™á‰ á‰µ á‹­á‰½áˆ‹áˆ‰

ğŸ’µ áˆáˆˆá‰±áŠ•áˆ á‰ á‰µáˆá‰ áŠ¥áŠ“ á‰ á‰µáŠ•áˆ¹Â  1600 á‰¥áˆ­ğŸ’µ
ğŸ’µá‰µáˆá‰áŠ• áˆˆá‰¥á‰» = 1000 á‰¥áˆ­ ğŸ’µ
ğŸ’µá‰µáŠ•áˆ¹áŠ• áˆˆá‰¥á‰»á‹Â  = 750 á‰¥áˆ­ ğŸ’µ

á‹áˆµáŠ• ááˆ¬ áŠá‹ á‹¨á‰€áˆ¨á‹ âŒâŒ

Telegram - t.me/qnashcom
âš¡ï¸áŒ¥áˆ«á‰µ ğŸ”¼ á‹‹áˆµá‰µáŠ“ ğŸ› á‰…áŠ“áˆ½

ğŸ¬ áŠ á‹µáˆ«áˆ» á¦ 
ğŸ—ºá‰áŒ¥áˆ­ 1 :- áˆ˜áŒˆáŠ“áŠ› á‹˜ááˆ˜áˆ½ áŒáˆ«áŠ•á‹µ áˆáˆ 3 á‰°áŠ› áá‰… á‰áŒ¥áˆ­ 329 

ğŸ—ºá‰áŒ¥áˆ­ 2 :- áŒ€áˆ 1 áŠ¨áˆˆáˆ‹ áˆ…áŠ•áƒ áŒáˆ«á‹áŠ•á‹µ áˆˆá‹­ G07 

âŒâŒ áˆ›áˆ³áˆ°á‰¥á‹«: áˆ±á‰ƒá‰½áŠ• áˆ²áˆ˜áŒ¡ á‰µáŠ­áŠ­áˆˆáŠ› á‹¨áŠ› áˆ±á‰… áˆ˜áˆ†áŠ‘ á‹«áˆ¨áŒ‹áŒáŒ¡Â  á‹¨áˆ«áˆ³á‰½áŠ• áˆáŒ áˆ˜áŠ–áˆ©áŠ• áŠ¥áŠ“ 329 / G07 áˆ˜áˆ†áŠ‘ á‹«áˆ¨áŒ‹áŒáŒ¡ !

áˆµáˆáŠ­:
ğŸ“± 0946966440
ğŸ“± 0992606060
ğŸ“± 0905464599",@qnashcom
2025-05-12 05:41:21+00:00,,"ğŸ“£ğŸ—‘ğŸ—‘Â  FOLDING Kitchen Wast Bin

ğŸ’¯ğŸ’¯ á‹ˆááˆ«áˆ™

ğŸ—‘ á‰°áŒ£áŒ£áŠ á‹¨á‰†áˆ»áˆ» áˆ›áˆµá‰€áˆ˜áŒ«
ğŸ—‘ áŠ¨á‹ˆááˆ«áˆ áŒáˆ› á‹¨á‰°áˆ°áˆ«
ğŸ—‘á‹­á‰³áŒ á‹áˆ áŠ¥áŠ•áŒ‚ á‹¨áˆ›á‹­á‰€á‹°á‹µ
ğŸ—‘ áŠªá‰½áŠ• áŠ«á‰¢áŠ”á‰µ á‰ áˆ­ áˆ‹á‹­ á‹¨áˆšáˆˆáŒ á
ğŸ—‘ áˆˆáŠªá‰½áŠ• áŠ•á…áˆ…áŠ“ á‹¨áˆšáˆ˜áˆ¨áŒ¥
ğŸ—‘ á‹¨áˆ‹áˆ°áˆ°á‰²áŠ­ áˆ˜á‰†áŠ•áŒ áŒ«Â  á‹«áˆˆá‹
ğŸ—‘ áˆáˆˆá‰µ á‹¨á‰°áˆˆá‹«á‹¨ áˆ˜áŒ áŠ• á‹«áˆ‹á‰¸á‹ á‰…áˆ­áŒ«á‰¶á‰½
ğŸ—‘ á‹¨á‰µáˆ á‰¦á‰³ áˆŠáŒ á‰€áˆ™á‰ á‰µ á‹­á‰½áˆ‹áˆ‰

ğŸ’µ áˆáˆˆá‰±áŠ•áˆ á‰ á‰µáˆá‰ áŠ¥áŠ“ á‰ á‰µáŠ•áˆ¹Â  1600 á‰¥áˆ­ğŸ’µ
ğŸ’µá‰µáˆá‰áŠ• áˆˆá‰¥á‰» = 1000 á‰¥áˆ­ ğŸ’µ
ğŸ’µá‰µáŠ•áˆ¹áŠ• áˆˆá‰¥á‰»á‹Â  = 750 á‰¥áˆ­ ğŸ’µ

á‹áˆµáŠ• ááˆ¬ áŠá‹ á‹¨á‰€áˆ¨á‹ âŒâŒ

Telegram - t.me/qnashcom
âš¡ï¸áŒ¥áˆ«á‰µ ğŸ”¼ á‹‹áˆµá‰µáŠ“ ğŸ› á‰…áŠ“áˆ½

ğŸ¬ áŠ á‹µáˆ«áˆ» á¦ 
ğŸ—ºá‰áŒ¥áˆ­ 1 :- áˆ˜áŒˆáŠ“áŠ› á‹˜ááˆ˜áˆ½ áŒáˆ«áŠ•á‹µ áˆáˆ 3 á‰°áŠ› áá‰… á‰áŒ¥áˆ­ 329 

ğŸ—ºá‰áŒ¥áˆ­ 2 :- áŒ€áˆ 1 áŠ¨áˆˆáˆ‹ áˆ…áŠ•áƒ áŒáˆ«á‹áŠ•á‹µ áˆˆá‹­ G07 

âŒâŒ áˆ›áˆ³áˆ°á‰¥á‹«: áˆ±á‰ƒá‰½áŠ• áˆ²áˆ˜áŒ¡ á‰µáŠ­áŠ­áˆˆáŠ› á‹¨áŠ› áˆ±á‰… áˆ˜áˆ†áŠ‘ á‹«áˆ¨áŒ‹áŒáŒ¡Â  á‹¨áˆ«áˆ³á‰½áŠ• áˆáŒ áˆ˜áŠ–áˆ©áŠ• áŠ¥áŠ“ 329 / G07 áˆ˜áˆ†áŠ‘ á‹«áˆ¨áŒ‹áŒáŒ¡ !

áˆµáˆáŠ­:
ğŸ“± 0946966440
ğŸ“± 0992606060
ğŸ“± 0905464599",@qnashcom
2025-05-11 16:25:50+00:00,,"ğŸ“£ Hair Steamer Cap
ğŸ”¼ High Quality 

â¡ï¸á‹¨á€áŒ‰áˆ­ áŠ¥áˆµá‰²áˆ˜áˆ­ á‰µáˆªá‰µáˆ˜áŠ•á‰µ á‹ˆá‹­áˆ á‰…á‰¤ á‰°á‰€á‰¥á‰°á‹ á‰ á‰¤á‰¶ áˆ†áŠá‹ á‹¨áˆšáŒ á‰€áˆ™á‰ á‰µ

Â Â Â Â Â Â Â Â Â  ğŸ’µá‹‹áŒ‹á¦ 1000á‰¥áˆ­

á‹áˆµáŠ• ááˆ¬ áŠá‹ á‹¨á‰€áˆ¨á‹ âŒâŒ
< Limited Stock âŒ

Telegram - t.me/qnashcom
âœ… áŒ¥áˆ«á‰µ âœ… á‹‹áˆµá‰µáŠ“ âœ… á‰…áŠ“áˆ½

ğŸ¬ áŠ á‹µáˆ«áˆ» á¦ 
á‰áŒ¥áˆ­ 1 :- áˆ˜áŒˆáŠ“áŠ› á‹˜ááˆ˜áˆ½ áŒáˆ«áŠ•á‹µ áˆáˆ 3 á‰°áŠ› áá‰… á‰áŒ¥áˆ­ 329 

á‰áŒ¥áˆ­ 2 :- áŒ€áˆ 1 áŠ¨áˆˆáˆ‹ áˆ…áŠ•áƒ áŒáˆ«á‹áŠ•á‹µ áˆˆá‹­ G07 

âŒâŒ áˆ›áˆ³áˆ°á‰¥á‹«: áˆ±á‰ƒá‰½áŠ• áˆ²áˆ˜áŒ¡ á‰µáŠ­áŠ­áˆˆáŠ› á‹¨áŠ› áˆ±á‰… áˆ˜áˆ†áŠ‘ á‹«áˆ¨áŒ‹áŒáŒ¡Â  á‹¨áˆ«áˆ³á‰½áŠ• áˆáŒ áˆ˜áŠ–áˆ©áŠ• áŠ¥áŠ“ 329 / G07 áˆ˜áˆ†áŠ‘ á‹«áˆ¨áŒ‹áŒáŒ¡ !

áˆµáˆáŠ­:
ğŸ“±0946966440
ğŸ“±0992606060
ğŸ“±0905464599",@qnashcom
2025-05-11 12:04:33+00:00,,"ğŸ“£ Hair Steamer Cap
ğŸ”¼ High Quality 

â¡ï¸á‹¨á€áŒ‰áˆ­ áŠ¥áˆµá‰²áˆ˜áˆ­ á‰µáˆªá‰µáˆ˜áŠ•á‰µ á‹ˆá‹­áˆ á‰…á‰¤ á‰°á‰€á‰¥á‰°á‹ á‰ á‰¤á‰¶ áˆ†áŠá‹ á‹¨áˆšáŒ á‰€áˆ™á‰ á‰µ

Â Â Â Â Â Â Â Â Â  ğŸ’µá‹‹áŒ‹á¦ 1000á‰¥áˆ­

á‹áˆµáŠ• ááˆ¬ áŠá‹ á‹¨á‰€áˆ¨á‹ âŒâŒ
< Limited Stock âŒ

Telegram - t.me/qnashcom
âœ… áŒ¥áˆ«á‰µ âœ… á‹‹áˆµá‰µáŠ“ âœ… á‰…áŠ“áˆ½

ğŸ¬ áŠ á‹µáˆ«áˆ» á¦ 
á‰áŒ¥áˆ­ 1 :- áˆ˜áŒˆáŠ“áŠ› á‹˜ááˆ˜áˆ½ áŒáˆ«áŠ•á‹µ áˆáˆ 3 á‰°áŠ› áá‰… á‰áŒ¥áˆ­ 329 

á‰áŒ¥áˆ­ 2 :- áŒ€áˆ 1 áŠ¨áˆˆáˆ‹ áˆ…áŠ•áƒ áŒáˆ«á‹áŠ•á‹µ áˆˆá‹­ G07 

âŒâŒ áˆ›áˆ³áˆ°á‰¥á‹«: áˆ±á‰ƒá‰½áŠ• áˆ²áˆ˜áŒ¡ á‰µáŠ­áŠ­áˆˆáŠ› á‹¨áŠ› áˆ±á‰… áˆ˜áˆ†áŠ‘ á‹«áˆ¨áŒ‹áŒáŒ¡Â  á‹¨áˆ«áˆ³á‰½áŠ• áˆáŒ áˆ˜áŠ–áˆ©áŠ• áŠ¥áŠ“ 329 / G07 áˆ˜áˆ†áŠ‘ á‹«áˆ¨áŒ‹áŒáŒ¡ !

áˆµáˆáŠ­:
ğŸ“±0946966440
ğŸ“±0992606060
ğŸ“±0905464599",@qnashcom
2025-05-10 09:38:53+00:00,,"ğŸ“£ Hair Steamer Cap
ğŸ”¼ High Quality 

â¡ï¸á‹¨á€áŒ‰áˆ­ áŠ¥áˆµá‰²áˆ˜áˆ­ á‰µáˆªá‰µáˆ˜áŠ•á‰µ á‹ˆá‹­áˆ á‰…á‰¤ á‰°á‰€á‰¥á‰°á‹ á‰ á‰¤á‰¶ áˆ†áŠá‹ á‹¨áˆšáŒ á‰€áˆ™á‰ á‰µ

Â Â Â Â Â Â Â Â Â  ğŸ’µá‹‹áŒ‹á¦ 1000á‰¥áˆ­

á‹áˆµáŠ• ááˆ¬ áŠá‹ á‹¨á‰€áˆ¨á‹ âŒâŒ
< Limited Stock âŒ

Telegram - t.me/qnashcom
âœ… áŒ¥áˆ«á‰µ âœ… á‹‹áˆµá‰µáŠ“ âœ… á‰…áŠ“áˆ½

ğŸ¬ áŠ á‹µáˆ«áˆ» á¦ 
á‰áŒ¥áˆ­ 1 :- áˆ˜áŒˆáŠ“áŠ› á‹˜ááˆ˜áˆ½ áŒáˆ«áŠ•á‹µ áˆáˆ 3 á‰°áŠ› áá‰… á‰áŒ¥áˆ­ 329 

á‰áŒ¥áˆ­ 2 :- áŒ€áˆ 1 áŠ¨áˆˆáˆ‹ áˆ…áŠ•áƒ áŒáˆ«á‹áŠ•á‹µ áˆˆá‹­ G07 

âŒâŒ áˆ›áˆ³áˆ°á‰¥á‹«: áˆ±á‰ƒá‰½áŠ• áˆ²áˆ˜áŒ¡ á‰µáŠ­áŠ­áˆˆáŠ› á‹¨áŠ› áˆ±á‰… áˆ˜áˆ†áŠ‘ á‹«áˆ¨áŒ‹áŒáŒ¡Â  á‹¨áˆ«áˆ³á‰½áŠ• áˆáŒ áˆ˜áŠ–áˆ©áŠ• áŠ¥áŠ“ 329 / G07 áˆ˜áˆ†áŠ‘ á‹«áˆ¨áŒ‹áŒáŒ¡ !

áˆµáˆáŠ­:
ğŸ“±0946966440
ğŸ“±0992606060
ğŸ“±0905464599",@qnashcom
2025-05-09 07:54:43+00:00,,"â‡ï¸ Electronic Kitchen Scale

ğŸ“£á‹²áŒ‚á‰³áˆ áˆšá‹›áŠ•

âš¡ï¸áˆáŒá‰¦á‰½áŠ• áˆ›á‹˜áŒ‹áŒ€á‰µ áˆµáŠ•áˆáˆáŒ
á‰ áŠ áŠ•á‹µ áŒŠá‹œ áŠ¥áˆµáŠ¨ áŠ¨ 0.1áŒáˆ«áˆ áŠ¥áˆµáŠ¨ 10áŠªáˆ á‹µáˆ¨áˆµ áˆ˜áˆ˜á‹˜áŠ• á‹¨áˆšá‹«áˆµá‰½áˆ
âœ”ï¸áˆ²áˆ˜á‹áŠ‘ á‹¨áŒáˆ«áˆ™áŠ•áˆ áˆ˜áŒ áŠ• á‹¨áˆšá‹«áˆ³á‹­ 
âœ”ï¸áˆˆáˆáˆ­áˆ›áˆ² áˆ˜á‹µáˆ€áŠ’á‰¶á‰½áŠ• áˆˆáˆ˜á‰€áˆ˜áˆ
á‰ áŒáˆ«áˆ áˆ˜áˆ˜á‹˜áŠ• áˆµáˆˆáˆáŠ•á‰½áˆ 
âœ”ï¸áˆˆá‰¢áˆ® áˆˆáŠªá‰½áŠ• áˆˆáŠ¢áŠ•á‹±áˆµá‰µáˆª áˆˆáˆ‹á‰¥áˆ«á‰¶áˆª
âœ”ï¸á‹¨áˆ«áˆ± á‰£á‰µáˆª á‹«áˆˆá‹‰ 

â¡ï¸ Equipped with a high precision strain gauge sensor system 
â¡ï¸ LCD Display 
â¡ï¸Model: SF-400
Â Â Â Â Â Â Â Â Â Â 
Â Â Â Â Â Â  ğŸ’µ1100 á‰¥áˆ­

ğŸ“£ áˆˆáˆ›á‹˜á‹ = @Orderqnash

á‹áˆµáŠ• ááˆ¬ áŠá‹ á‹¨á‰€áˆ¨á‹ âŒâŒâŒ

Telegram - t.me/qnashcom
ğŸ”¼ áŒ¥áˆ«á‰µ âœ”ï¸á‹‹áˆµá‰µáŠ“ ğŸ›á‰…áŠ“áˆ½

ğŸ¬ áŠ á‹µáˆ«áˆ» á¦ 
á‰áŒ¥áˆ­ 1 :- áˆ˜áŒˆáŠ“áŠ› á‹˜ááˆ˜áˆ½ áŒáˆ«áŠ•á‹µ áˆáˆ 3 á‰°áŠ› áá‰… á‰áŒ¥áˆ­ 329 

á‰áŒ¥áˆ­ 2 :- áŒ€áˆ 1 áŠ¨áˆˆáˆ‹ áˆ…áŠ•áƒ áŒáˆ«á‹áŠ•á‹µ áˆˆá‹­ G07 

âŒâŒ áˆ›áˆ³áˆ°á‰¥á‹«: áˆ±á‰ƒá‰½áŠ• áˆ²áˆ˜áŒ¡ á‰µáŠ­áŠ­áˆˆáŠ› á‹¨áŠ› áˆ±á‰… áˆ˜áˆ†áŠ‘ á‹«áˆ¨áŒ‹áŒáŒ¡Â  á‹¨áˆ«áˆ³á‰½áŠ• áˆáŒ áˆ˜áŠ–áˆ©áŠ• áŠ¥áŠ“ 329 / G07 áˆ˜áˆ†áŠ‘ á‹«áˆ¨áŒ‹áŒáŒ¡ !

áˆµáˆáŠ­:
ğŸ“±0946966440
ğŸ“±0992606060
ğŸ“±0905464599",@qnashcom
2025-05-08 18:38:57+00:00,,"â‡ï¸ Electronic Kitchen Scale

ğŸ“£á‹²áŒ‚á‰³áˆ áˆšá‹›áŠ•

âš¡ï¸áˆáŒá‰¦á‰½áŠ• áˆ›á‹˜áŒ‹áŒ€á‰µ áˆµáŠ•áˆáˆáŒ
á‰ áŠ áŠ•á‹µ áŒŠá‹œ áŠ¥áˆµáŠ¨ áŠ¨ 0.1áŒáˆ«áˆ áŠ¥áˆµáŠ¨ 10áŠªáˆ á‹µáˆ¨áˆµ áˆ˜áˆ˜á‹˜áŠ• á‹¨áˆšá‹«áˆµá‰½áˆ
âœ”ï¸áˆ²áˆ˜á‹áŠ‘ á‹¨áŒáˆ«áˆ™áŠ•áˆ áˆ˜áŒ áŠ• á‹¨áˆšá‹«áˆ³á‹­ 
âœ”ï¸áˆˆáˆáˆ­áˆ›áˆ² áˆ˜á‹µáˆ€áŠ’á‰¶á‰½áŠ• áˆˆáˆ˜á‰€áˆ˜áˆ
á‰ áŒáˆ«áˆ áˆ˜áˆ˜á‹˜áŠ• áˆµáˆˆáˆáŠ•á‰½áˆ 
âœ”ï¸áˆˆá‰¢áˆ® áˆˆáŠªá‰½áŠ• áˆˆáŠ¢áŠ•á‹±áˆµá‰µáˆª áˆˆáˆ‹á‰¥áˆ«á‰¶áˆª
âœ”ï¸á‹¨áˆ«áˆ± á‰£á‰µáˆª á‹«áˆˆá‹‰ 

â¡ï¸ Equipped with a high precision strain gauge sensor system 
â¡ï¸ LCD Display 
â¡ï¸Model: SF-400
Â Â Â Â Â Â Â Â Â Â 
Â Â Â Â Â Â  ğŸ’µ1100 á‰¥áˆ­

ğŸ“£ áˆˆáˆ›á‹˜á‹ = @Orderqnash

á‹áˆµáŠ• ááˆ¬ áŠá‹ á‹¨á‰€áˆ¨á‹ âŒâŒâŒ

Telegram - t.me/qnashcom
ğŸ”¼ áŒ¥áˆ«á‰µ âœ”ï¸á‹‹áˆµá‰µáŠ“ ğŸ›á‰…áŠ“áˆ½

ğŸ¬ áŠ á‹µáˆ«áˆ» á¦ 
á‰áŒ¥áˆ­ 1 :- áˆ˜áŒˆáŠ“áŠ› á‹˜ááˆ˜áˆ½ áŒáˆ«áŠ•á‹µ áˆáˆ 3 á‰°áŠ› áá‰… á‰áŒ¥áˆ­ 329 

á‰áŒ¥áˆ­ 2 :- áŒ€áˆ 1 áŠ¨áˆˆáˆ‹ áˆ…áŠ•áƒ áŒáˆ«á‹áŠ•á‹µ áˆˆá‹­ G07 

âŒâŒ áˆ›áˆ³áˆ°á‰¥á‹«: áˆ±á‰ƒá‰½áŠ• áˆ²áˆ˜áŒ¡ á‰µáŠ­áŠ­áˆˆáŠ› á‹¨áŠ› áˆ±á‰… áˆ˜áˆ†áŠ‘ á‹«áˆ¨áŒ‹áŒáŒ¡Â  á‹¨áˆ«áˆ³á‰½áŠ• áˆáŒ áˆ˜áŠ–áˆ©áŠ• áŠ¥áŠ“ 329 / G07 áˆ˜áˆ†áŠ‘ á‹«áˆ¨áŒ‹áŒáŒ¡ !

áˆµáˆáŠ­:
ğŸ“±0946966440
ğŸ“±0992606060
ğŸ“±0905464599",@qnashcom
2025-05-08 12:40:44+00:00,,"â˜„ï¸Spa Gel Socks

âš¡ï¸ áˆˆáŠ¥áŒáˆ­ áˆáˆµáˆ‹áˆ´ 
âš¡ï¸ áˆˆáˆšáˆ°áŠáŒ£áŒ á‰… áŠ¥áŒáˆ­
âš¡ï¸ á‹µáˆ­á‰€á‰µáŠ• á‹¨áˆšá‹«áˆˆáˆ°áˆáˆµ
âš¡ï¸ á‹¨áˆšá‰³áŒ á‰¥

Â Â Â Â Â Â Â Â Â Â  ğŸ’²á‹‹áŒ‹á¦ 450 á‰¥áˆ­ 

á‹áˆµáŠ• ááˆ¬ áŠá‹ á‹¨á‰€áˆ¨á‹ âŒâŒ
< Limited Stock âŒ

Telegram - t.me/qnashcom
Website - www.qnash.com
ğŸ”¼ áŒ¥áˆ«á‰µ âœ”ï¸á‹‹áˆµá‰µáŠ“ ğŸ› á‰…áŠ“áˆ½

ğŸ¬ áŠ á‹µáˆ«áˆ» á¦ 
á‰áŒ¥áˆ­ 1 :- áˆ˜áŒˆáŠ“áŠ› á‹˜ááˆ˜áˆ½ áŒáˆ«áŠ•á‹µ áˆáˆ 3 á‰°áŠ› áá‰… á‰áŒ¥áˆ­ 329 

á‰áŒ¥áˆ­ 2 :- áŒ€áˆ 1 áŠ¨áˆˆáˆ‹ áˆ…áŠ•áƒ áŒáˆ«á‹áŠ•á‹µ áˆˆá‹­ G07 

âŒâŒ áˆ›áˆ³áˆ°á‰¥á‹«: áˆ±á‰ƒá‰½áŠ• áˆ²áˆ˜áŒ¡ á‰µáŠ­áŠ­áˆˆáŠ› á‹¨áŠ› áˆ±á‰… áˆ˜áˆ†áŠ‘ á‹«áˆ¨áŒ‹áŒáŒ¡Â  á‹¨áˆ«áˆ³á‰½áŠ• áˆáŒ áˆ˜áŠ–áˆ©áŠ• áŠ¥áŠ“ 329 / G07 áˆ˜áˆ†áŠ‘ á‹«áˆ¨áŒ‹áŒáŒ¡ !
áˆµáˆáŠ­: 
áˆµáˆáŠ­:
ğŸ“±0946966440
ğŸ“±0992606060
ğŸ“±0905464599",@qnashcom
2025-05-08 09:16:25+00:00,,"â˜„ï¸Spa Gel Socks

âš¡ï¸ áˆˆáŠ¥áŒáˆ­ áˆáˆµáˆ‹áˆ´ 
âš¡ï¸ áˆˆáˆšáˆ°áŠáŒ£áŒ á‰… áŠ¥áŒáˆ­
âš¡ï¸ á‹µáˆ­á‰€á‰µáŠ• á‹¨áˆšá‹«áˆˆáˆ°áˆáˆµ
âš¡ï¸ á‹¨áˆšá‰³áŒ á‰¥

Â Â Â Â Â Â Â Â Â Â  ğŸ’²á‹‹áŒ‹á¦ 450 á‰¥áˆ­ 

á‹áˆµáŠ• ááˆ¬ áŠá‹ á‹¨á‰€áˆ¨á‹ âŒâŒ
< Limited Stock âŒ

Telegram - t.me/qnashcom
Website - www.qnash.com
ğŸ”¼ áŒ¥áˆ«á‰µ âœ”ï¸á‹‹áˆµá‰µáŠ“ ğŸ› á‰…áŠ“áˆ½

ğŸ¬ áŠ á‹µáˆ«áˆ» á¦ 
á‰áŒ¥áˆ­ 1 :- áˆ˜áŒˆáŠ“áŠ› á‹˜ááˆ˜áˆ½ áŒáˆ«áŠ•á‹µ áˆáˆ 3 á‰°áŠ› áá‰… á‰áŒ¥áˆ­ 329 

á‰áŒ¥áˆ­ 2 :- áŒ€áˆ 1 áŠ¨áˆˆáˆ‹ áˆ…áŠ•áƒ áŒáˆ«á‹áŠ•á‹µ áˆˆá‹­ G07 

âŒâŒ áˆ›áˆ³áˆ°á‰¥á‹«: áˆ±á‰ƒá‰½áŠ• áˆ²áˆ˜áŒ¡ á‰µáŠ­áŠ­áˆˆáŠ› á‹¨áŠ› áˆ±á‰… áˆ˜áˆ†áŠ‘ á‹«áˆ¨áŒ‹áŒáŒ¡Â  á‹¨áˆ«áˆ³á‰½áŠ• áˆáŒ áˆ˜áŠ–áˆ©áŠ• áŠ¥áŠ“ 329 / G07 áˆ˜áˆ†áŠ‘ á‹«áˆ¨áŒ‹áŒáŒ¡ !
áˆµáˆáŠ­: 
áˆµáˆáŠ­:
ğŸ“±0946966440
ğŸ“±0992606060
ğŸ“±0905464599",@qnashcom
2025-05-08 08:31:50+00:00,,"âš¡ï¸ Chef Basket 12in1 kitchen tool

ğŸ”¼Uses 

ğŸ– Cooking
ğŸŸBoiling
ğŸ— Deep Frying
ğŸŸÂ Â  Steaming 
Poaching and many more

Â Â Â Â Â Â Â Â Â Â Â Â Â Â Â Â  ğŸ’²550 á‰¥áˆ­

Telegram - t.me/qnashcom ğŸ‘‰

â˜„ï¸áŒ¥áˆ«á‰µ âœ”ï¸ á‹‹áˆµá‰µáŠ“ ğŸ› á‰…áŠ“áˆ½

ğŸ“áŠ á‹µáˆ«áˆ» á¦ 
ğŸ—ºá‰áŒ¥áˆ­ 1 :- áˆ˜áŒˆáŠ“áŠ› á‹˜ááˆ˜áˆ½ áŒáˆ«áŠ•á‹µ áˆáˆ 3 á‰°áŠ› áá‰… á‰áŒ¥áˆ­ 329 

ğŸ—ºá‰áŒ¥áˆ­ 2 :- áŒ€áˆ 1 áŠ¨áˆˆáˆ‹ áˆ…áŠ•áƒ áŒáˆ«á‹áŠ•á‹µ áˆˆá‹­ G07 

âŒâŒ áˆ›áˆ³áˆ°á‰¥á‹«: áˆ±á‰ƒá‰½áŠ• áˆ²áˆ˜áŒ¡ á‰µáŠ­áŠ­áˆˆáŠ› á‹¨áŠ› áˆ±á‰… áˆ˜áˆ†áŠ‘ á‹«áˆ¨áŒ‹áŒáŒ¡Â  á‹¨áˆ«áˆ³á‰½áŠ• áˆáŒ áˆ˜áŠ–áˆ©áŠ• áŠ¥áŠ“ 329 / G07 áˆ˜áˆ†áŠ‘ á‹«áˆ¨áŒ‹áŒáŒ¡ !

áˆµáˆáŠ­:
ğŸ“±0946966440
ğŸ“±0992606060
ğŸ“±0905464599",@qnashcom
2025-05-07 17:42:13+00:00,,"âš¡ï¸ Chef Basket 12in1 kitchen tool

ğŸ”¼Uses 

ğŸ– Cooking
ğŸŸBoiling
ğŸ— Deep Frying
ğŸŸÂ Â  Steaming 
Poaching and many more

Â Â Â Â Â Â Â Â Â Â Â Â Â Â Â Â  ğŸ’²550 á‰¥áˆ­

Telegram - t.me/qnashcom ğŸ‘‰

â˜„ï¸áŒ¥áˆ«á‰µ âœ”ï¸ á‹‹áˆµá‰µáŠ“ ğŸ› á‰…áŠ“áˆ½

ğŸ“áŠ á‹µáˆ«áˆ» á¦ 
ğŸ—ºá‰áŒ¥áˆ­ 1 :- áˆ˜áŒˆáŠ“áŠ› á‹˜ááˆ˜áˆ½ áŒáˆ«áŠ•á‹µ áˆáˆ 3 á‰°áŠ› áá‰… á‰áŒ¥áˆ­ 329 

ğŸ—ºá‰áŒ¥áˆ­ 2 :- áŒ€áˆ 1 áŠ¨áˆˆáˆ‹ áˆ…áŠ•áƒ áŒáˆ«á‹áŠ•á‹µ áˆˆá‹­ G07 

âŒâŒ áˆ›áˆ³áˆ°á‰¥á‹«: áˆ±á‰ƒá‰½áŠ• áˆ²áˆ˜áŒ¡ á‰µáŠ­áŠ­áˆˆáŠ› á‹¨áŠ› áˆ±á‰… áˆ˜áˆ†áŠ‘ á‹«áˆ¨áŒ‹áŒáŒ¡Â  á‹¨áˆ«áˆ³á‰½áŠ• áˆáŒ áˆ˜áŠ–áˆ©áŠ• áŠ¥áŠ“ 329 / G07 áˆ˜áˆ†áŠ‘ á‹«áˆ¨áŒ‹áŒáŒ¡ !

áˆµáˆáŠ­:
ğŸ“±0946966440
ğŸ“±0992606060
ğŸ“±0905464599",@qnashcom
2025-05-06 12:37:11+00:00,,"ğŸ“ŒğŸ”¥ á‹¨áŠ­áˆ¬áˆ á‰…áˆ­á… áˆ›á‹áŒ«

âš¡ï¸ 7 á‹¨á‰°áˆˆá‹«á‹¨ áˆ˜á‰€á‹«á‹¨áˆªá‹« á‰…áˆ­á… á‹«áˆˆá‹ 

Â Â Â Â Â Â  ğŸ’²Â  850 á‰¥áˆ­

á‹áˆµáŠ• ááˆ¬ áŠá‹ á‹¨á‰€áˆ¨á‹ âŒâŒ

Telegram - t.me/qnashcom
Website - www.qnash.com
ğŸ”¼áŒ¥áˆ«á‰µ âœ”ï¸ á‹‹áˆµá‰µáŠ“ ğŸ› á‰…áŠ“áˆ½

ğŸ“ áŠ á‹µáˆ«áˆ» á¦ 
á‰áŒ¥áˆ­ 1 :- áˆ˜áŒˆáŠ“áŠ› á‹˜ááˆ˜áˆ½ áŒáˆ«áŠ•á‹µ áˆáˆ 3 á‰°áŠ› áá‰… á‰áŒ¥áˆ­ 329 

á‰áŒ¥áˆ­ 2 :- áŒ€áˆ 1 áŠ¨áˆˆáˆ‹ áˆ…áŠ•áƒ áŒáˆ«á‹áŠ•á‹µ áˆˆá‹­ G07 

âŒâŒ áˆ›áˆ³áˆ°á‰¥á‹«: áˆ±á‰ƒá‰½áŠ• áˆ²áˆ˜áŒ¡ á‰µáŠ­áŠ­áˆˆáŠ› á‹¨áŠ› áˆ±á‰… áˆ˜áˆ†áŠ‘ á‹«áˆ¨áŒ‹áŒáŒ¡Â  á‹¨áˆ«áˆ³á‰½áŠ• áˆáŒ áˆ˜áŠ–áˆ©áŠ• áŠ¥áŠ“ 329 / G07 áˆ˜áˆ†áŠ‘ á‹«áˆ¨áŒ‹áŒáŒ¡ !

áˆµáˆáŠ­:
ğŸ“±0946966440
ğŸ“±0992606060
ğŸ“±0905464599",@qnashcom
2025-05-06 07:55:31+00:00,,"ğŸ“ŒğŸ”¥ á‹¨áŠ­áˆ¬áˆ á‰…áˆ­á… áˆ›á‹áŒ«

âš¡ï¸ 7 á‹¨á‰°áˆˆá‹«á‹¨ áˆ˜á‰€á‹«á‹¨áˆªá‹« á‰…áˆ­á… á‹«áˆˆá‹ 

Â Â Â Â Â Â  ğŸ’²Â  850 á‰¥áˆ­

á‹áˆµáŠ• ááˆ¬ áŠá‹ á‹¨á‰€áˆ¨á‹ âŒâŒ

Telegram - t.me/qnashcom
Website - www.qnash.com
ğŸ”¼áŒ¥áˆ«á‰µ âœ”ï¸ á‹‹áˆµá‰µáŠ“ ğŸ› á‰…áŠ“áˆ½

ğŸ“ áŠ á‹µáˆ«áˆ» á¦ 
á‰áŒ¥áˆ­ 1 :- áˆ˜áŒˆáŠ“áŠ› á‹˜ááˆ˜áˆ½ áŒáˆ«áŠ•á‹µ áˆáˆ 3 á‰°áŠ› áá‰… á‰áŒ¥áˆ­ 329 

á‰áŒ¥áˆ­ 2 :- áŒ€áˆ 1 áŠ¨áˆˆáˆ‹ áˆ…áŠ•áƒ áŒáˆ«á‹áŠ•á‹µ áˆˆá‹­ G07 

âŒâŒ áˆ›áˆ³áˆ°á‰¥á‹«: áˆ±á‰ƒá‰½áŠ• áˆ²áˆ˜áŒ¡ á‰µáŠ­áŠ­áˆˆáŠ› á‹¨áŠ› áˆ±á‰… áˆ˜áˆ†áŠ‘ á‹«áˆ¨áŒ‹áŒáŒ¡Â  á‹¨áˆ«áˆ³á‰½áŠ• áˆáŒ áˆ˜áŠ–áˆ©áŠ• áŠ¥áŠ“ 329 / G07 áˆ˜áˆ†áŠ‘ á‹«áˆ¨áŒ‹áŒáŒ¡ !

áˆµáˆáŠ­:
ğŸ“±0946966440
ğŸ“±0992606060
ğŸ“±0905464599",@qnashcom
2025-05-05 14:48:47+00:00,,"ğŸ“ŒğŸ”¥ á‹¨áŠ­áˆ¬áˆ á‰…áˆ­á… áˆ›á‹áŒ«

âš¡ï¸ 7 á‹¨á‰°áˆˆá‹«á‹¨ áˆ˜á‰€á‹«á‹¨áˆªá‹« á‰…áˆ­á… á‹«áˆˆá‹ 

Â Â Â Â Â Â  ğŸ’²  850 á‰¥áˆ­

á‹áˆµáŠ• ááˆ¬ áŠá‹ á‹¨á‰€áˆ¨á‹ âŒâŒ

Telegram - t.me/qnashcom
Website - www.qnash.com
ğŸ”¼áŒ¥áˆ«á‰µ âœ”ï¸ á‹‹áˆµá‰µáŠ“ ğŸ› á‰…áŠ“áˆ½

ğŸ“ áŠ á‹µáˆ«áˆ» á¦ 
á‰áŒ¥áˆ­ 1 :- áˆ˜áŒˆáŠ“áŠ› á‹˜ááˆ˜áˆ½ áŒáˆ«áŠ•á‹µ áˆáˆ 3 á‰°áŠ› áá‰… á‰áŒ¥áˆ­ 329 

á‰áŒ¥áˆ­ 2 :- áŒ€áˆ 1 áŠ¨áˆˆáˆ‹ áˆ…áŠ•áƒ áŒáˆ«á‹áŠ•á‹µ áˆˆá‹­ G07 

âŒâŒ áˆ›áˆ³áˆ°á‰¥á‹«: áˆ±á‰ƒá‰½áŠ• áˆ²áˆ˜áŒ¡ á‰µáŠ­áŠ­áˆˆáŠ› á‹¨áŠ› áˆ±á‰… áˆ˜áˆ†áŠ‘ á‹«áˆ¨áŒ‹áŒáŒ¡Â  á‹¨áˆ«áˆ³á‰½áŠ• áˆáŒ áˆ˜áŠ–áˆ©áŠ• áŠ¥áŠ“ 329 / G07 áˆ˜áˆ†áŠ‘ á‹«áˆ¨áŒ‹áŒáŒ¡ !

áˆµáˆáŠ­:
ğŸ“±0946966440
ğŸ“±0992606060
ğŸ“±0905464599",@qnashcom
2025-05-05 12:45:59+00:00,,"ğŸ˜ƒ á‹¨áˆ¸á‰¶ áˆ˜á‰€áŠáˆ» Mini spray pour

á‹¨áˆ¸á‰¶ áˆ˜á‰€áŠáˆ»Â  ğŸ‘‰

Â Â Â Â Â Â  ğŸ’µ 200 á‰¥áˆ­

á‹áˆµáŠ• ááˆ¬ áŠá‹ á‹¨á‰€áˆ¨á‹ âŒâŒâŒ

Telegram - t.me/qnashcom
ğŸ”¼ áŒ¥áˆ«á‰µ âœ”ï¸á‹‹áˆµá‰µáŠ“ ğŸ›á‰…áŠ“áˆ½

ğŸ¬ áŠ á‹µáˆ«áˆ» á¦ 
á‰áŒ¥áˆ­ 1 :- áˆ˜áŒˆáŠ“áŠ› á‹˜ááˆ˜áˆ½ áŒáˆ«áŠ•á‹µ áˆáˆ 3 á‰°áŠ› áá‰… á‰áŒ¥áˆ­ 329 

á‰áŒ¥áˆ­ 2 :- áŒ€áˆ 1 áŠ¨áˆˆáˆ‹ áˆ…áŠ•áƒ áŒáˆ«á‹áŠ•á‹µ áˆˆá‹­ G07 

âŒâŒ áˆ›áˆ³áˆ°á‰¥á‹«: áˆ±á‰ƒá‰½áŠ• áˆ²áˆ˜áŒ¡ á‰µáŠ­áŠ­áˆˆáŠ› á‹¨áŠ› áˆ±á‰… áˆ˜áˆ†áŠ‘ á‹«áˆ¨áŒ‹áŒáŒ¡Â  á‹¨áˆ«áˆ³á‰½áŠ• áˆáŒ áˆ˜áŠ–áˆ©áŠ• áŠ¥áŠ“ 329 / G07 áˆ˜áˆ†áŠ‘ á‹«áˆ¨áŒ‹áŒáŒ¡ !

áˆµáˆáŠ­:
ğŸ“±0946966440
ğŸ“±0992606060
ğŸ“±0905464599",@qnashcom
2025-05-05 09:32:41+00:00,,"ğŸ˜ƒ á‹¨áˆ¸á‰¶ áˆ˜á‰€áŠáˆ» Mini spray pour

á‹¨áˆ¸á‰¶ áˆ˜á‰€áŠáˆ»Â  ğŸ‘‰

Â Â Â Â Â Â  ğŸ’µ 200 á‰¥áˆ­

á‹áˆµáŠ• ááˆ¬ áŠá‹ á‹¨á‰€áˆ¨á‹ âŒâŒâŒ

Telegram - t.me/qnashcom
ğŸ”¼ áŒ¥áˆ«á‰µ âœ”ï¸á‹‹áˆµá‰µáŠ“ ğŸ›á‰…áŠ“áˆ½

ğŸ¬ áŠ á‹µáˆ«áˆ» á¦ 
á‰áŒ¥áˆ­ 1 :- áˆ˜áŒˆáŠ“áŠ› á‹˜ááˆ˜áˆ½ áŒáˆ«áŠ•á‹µ áˆáˆ 3 á‰°áŠ› áá‰… á‰áŒ¥áˆ­ 329 

á‰áŒ¥áˆ­ 2 :- áŒ€áˆ 1 áŠ¨áˆˆáˆ‹ áˆ…áŠ•áƒ áŒáˆ«á‹áŠ•á‹µ áˆˆá‹­ G07 

âŒâŒ áˆ›áˆ³áˆ°á‰¥á‹«: áˆ±á‰ƒá‰½áŠ• áˆ²áˆ˜áŒ¡ á‰µáŠ­áŠ­áˆˆáŠ› á‹¨áŠ› áˆ±á‰… áˆ˜áˆ†áŠ‘ á‹«áˆ¨áŒ‹áŒáŒ¡Â  á‹¨áˆ«áˆ³á‰½áŠ• áˆáŒ áˆ˜áŠ–áˆ©áŠ• áŠ¥áŠ“ 329 / G07 áˆ˜áˆ†áŠ‘ á‹«áˆ¨áŒ‹áŒáŒ¡ !

áˆµáˆáŠ­:
ğŸ“±0946966440
ğŸ“±0992606060
ğŸ“±0905464599",@qnashcom
2025-05-04 06:13:14+00:00,,"ğŸ“£ áŠ­á‰¡áˆ«áŠ• á‹°áŠ•á‰ áŠá‰»á‰½áŠ• áŠ¥áˆá‹µ áˆ™áˆ‰ á‰€áŠ• áˆ±á‰ƒá‰½áŠ• á‹áŒ áŠá‹ á¢

âœ”ï¸ áŠ¨áˆ°áŠ áŠ¥áˆµáŠ¨ á‰…á‹³áˆœ áˆ™áˆ‰ á‰€áŠ• áŠ­áá‰µ áŠá‹

âœ”ï¸ áˆ˜áˆáŠ«áˆ áˆ°áŠ•á‰ á‰µ 


Telegram - t.me/qnashcom
Website - www.qnash.com
âœ”ï¸ áŒ¥áˆ«á‰µ ğŸ”¼ á‹‹áˆµá‰µáŠ“ ğŸ”¥ á‰…áŠ“áˆ½

ğŸ¬ áŠ á‹µáˆ«áˆ» á¦ 
á‰áŒ¥áˆ­ 1 :- áˆ˜áŒˆáŠ“áŠ› á‹˜ááˆ˜áˆ½ áŒáˆ«áŠ•á‹µ áˆáˆ 3 á‰°áŠ› áá‰… á‰áŒ¥áˆ­ 329 

á‰áŒ¥áˆ­ 2 :- áŒ€áˆ 1 áŠ¨áˆˆáˆ‹ áˆ…áŠ•áƒ áŒáˆ«á‹áŠ•á‹µ áˆˆá‹­ G07 

âŒâŒ áˆ›áˆ³áˆ°á‰¥á‹«: áˆ±á‰ƒá‰½áŠ• áˆ²áˆ˜áŒ¡ á‰µáŠ­áŠ­áˆˆáŠ› á‹¨áŠ› áˆ±á‰… áˆ˜áˆ†áŠ‘ á‹«áˆ¨áŒ‹áŒáŒ¡Â  á‹¨áˆ«áˆ³á‰½áŠ• áˆáŒ áˆ˜áŠ–áˆ©áŠ• áŠ¥áŠ“ 329 / G07 áˆ˜áˆ†áŠ‘ á‹«áˆ¨áŒ‹áŒáŒ¡ !

áˆµáˆáŠ­:
ğŸ“±0946966440
ğŸ“±0992606060
ğŸ“±0905464599",@qnashcom
2025-05-03 17:06:31+00:00,,"ğŸ¥¸ Derma Roller System 1.5Mm With 540 Micro Needles
áˆˆá€áŒ‰áˆ® áŠ¥áŠ“ áˆˆá‚áˆ á‹•á‹µáŒˆá‰µ
áˆˆáŠá‰¶ áŒ¥áˆ«á‰µ 

ğŸ”¼á‹¨áŠá‰µ á‰†á‹³ áŒ¤áŠ•áŠá‰µ áˆˆáˆ˜áŒ á‰ á‰… 
ğŸ”¼á‹¨á‰°áŒá‹³ á‹¨áŠá‰µ áŒˆá…á‰³áŠ• á‹á‰¥ áˆˆáˆ›áˆ¨á‹µáŒ áŒ á‰ƒáˆš
ğŸ”¼áŠá‰µ áˆ‹á‹­ á‹¨á‹ˆáŒ£áŠ• á‹¨á‰†á‹³ á‰ áˆ½á‰³
Â Â Â Â  áŠ¥áŠ•á‹²áˆáˆ áŒ á‰£áˆ³áŠ• áˆˆáˆ›áˆµá‹ˆáŒˆá‹µ á‰°áˆ˜áˆ«áŒ­
ğŸ”¼ áŠ¥áˆ­áŒ…áŠ“áŠ• á‹­á‰€áŠ•áˆ³áˆ
ğŸ”¼á‹¨á€áŒ‰áˆ­ áˆ˜áˆ³áˆ³á‰µáŠ• áˆ˜áˆ˜áˆˆáŒ¥áŠ• á‹¨áˆšáŠ¨áˆ‹áŠ¨áˆ

It has gained popularity in recent years as an accessible, effective, and relatively non-invasive skin treatment.

Â Â Â Â Â Â Â  ğŸ’²á‹‹áŒ‹á¦Â Â Â  600 á‰¥áˆ­ 

ğŸ“£ áˆˆáˆ›á‹˜á‹ = @Orderqnash

á‹áˆµáŠ• ááˆ¬ áŠá‹ á‹¨á‰€áˆ¨á‹ âŒâŒ
< Limited Stock âŒ

Telegram - t.me/qnashcom
â˜„ï¸áŒ¥áˆ«á‰µ âœ”ï¸ á‹‹áˆµá‰µáŠ“ ğŸ› á‰…áŠ“áˆ½

ğŸ¬ áŠ á‹µáˆ«áˆ» á¦ 
á‰áŒ¥áˆ­ 1 :- áˆ˜áŒˆáŠ“áŠ› á‹˜ááˆ˜áˆ½ áŒáˆ«áŠ•á‹µ áˆáˆ 3 á‰°áŠ› áá‰… á‰áŒ¥áˆ­ 329 

á‰áŒ¥áˆ­ 2 :- áŒ€áˆ 1 áŠ¨áˆˆáˆ‹ áˆ…áŠ•áƒ áŒáˆ«á‹áŠ•á‹µ áˆˆá‹­ G07 

âŒâŒ áˆ›áˆ³áˆ°á‰¥á‹«: áˆ±á‰ƒá‰½áŠ• áˆ²áˆ˜áŒ¡ á‰µáŠ­áŠ­áˆˆáŠ› á‹¨áŠ› áˆ±á‰… áˆ˜áˆ†áŠ‘ á‹«áˆ¨áŒ‹áŒáŒ¡Â  á‹¨áˆ«áˆ³á‰½áŠ• áˆáŒ áˆ˜áŠ–áˆ©áŠ• áŠ¥áŠ“ 329 / G07 áˆ˜áˆ†áŠ‘ á‹«áˆ¨áŒ‹áŒáŒ¡ !

áˆµáˆáŠ­:
ğŸ“±0946966440
ğŸ“±0992606060
ğŸ“±0905464599",@qnashcom
2025-05-03 13:55:34+00:00,,"ğŸ” ğŸ” ğŸ” ğŸ” ğŸ” ğŸ”  ğŸ” ğŸ” ğŸ” ğŸ” 
á‰¡áŠ“ áˆ›áá‹« áˆ›áˆ½áŠ•
âœ”ï¸SKOEDI Single Cup Coffee Maker 
SKOEDIâ¬‡ï¸ Single Cup Coffee Maker With removal filter basket 
Reusable mesh filter Power button with indicator light

á‹‹áŒ‹ğŸ’µá¦Â 3400 á‰¥áˆ­

á‹áˆµáŠ• ááˆ¬ áŠá‹ á‹¨á‰€áˆ¨á‹ âŒâŒ

Telegram - t.me/qnashcom
âš¡ï¸áŒ¥áˆ«á‰µ ğŸ”¼ á‹‹áˆµá‰µáŠ“ ğŸ› á‰…áŠ“áˆ½

ğŸ¬ áŠ á‹µáˆ«áˆ» á¦ 
ğŸ—ºá‰áŒ¥áˆ­ 1 :- áˆ˜áŒˆáŠ“áŠ› á‹˜ááˆ˜áˆ½ áŒáˆ«áŠ•á‹µ áˆáˆ 3 á‰°áŠ› áá‰… á‰áŒ¥áˆ­ 329 

ğŸ—ºá‰áŒ¥áˆ­ 2 :- áŒ€áˆ 1 áŠ¨áˆˆáˆ‹ áˆ…áŠ•áƒ áŒáˆ«á‹áŠ•á‹µ áˆˆá‹­ G07 

âŒâŒ áˆ›áˆ³áˆ°á‰¥á‹«: áˆ±á‰ƒá‰½áŠ• áˆ²áˆ˜áŒ¡ á‰µáŠ­áŠ­áˆˆáŠ› á‹¨áŠ› áˆ±á‰… áˆ˜áˆ†áŠ‘ á‹«áˆ¨áŒ‹áŒáŒ¡Â  á‹¨áˆ«áˆ³á‰½áŠ• áˆáŒ áˆ˜áŠ–áˆ©áŠ• áŠ¥áŠ“ 329 / G07 áˆ˜áˆ†áŠ‘ á‹«áˆ¨áŒ‹áŒáŒ¡ !

áˆµáˆáŠ­:
ğŸ“± 0946966440
ğŸ“± 0992606060
ğŸ“± 0905464599",@qnashcom
2025-05-03 07:51:14+00:00,,"ğŸ” ğŸ” ğŸ” ğŸ” ğŸ” ğŸ”  ğŸ” ğŸ” ğŸ” ğŸ” 
á‰¡áŠ“ áˆ›áá‹« áˆ›áˆ½áŠ•
âœ”ï¸SKOEDI Single Cup Coffee Maker 
SKOEDIâ¬‡ï¸ Single Cup Coffee Maker With removal filter basket 
Reusable mesh filter Power button with indicator light

á‹‹áŒ‹ğŸ’µá¦Â 3400 á‰¥áˆ­

á‹áˆµáŠ• ááˆ¬ áŠá‹ á‹¨á‰€áˆ¨á‹ âŒâŒ

Telegram - t.me/qnashcom
âš¡ï¸áŒ¥áˆ«á‰µ ğŸ”¼ á‹‹áˆµá‰µáŠ“ ğŸ› á‰…áŠ“áˆ½

ğŸ¬ áŠ á‹µáˆ«áˆ» á¦ 
ğŸ—ºá‰áŒ¥áˆ­ 1 :- áˆ˜áŒˆáŠ“áŠ› á‹˜ááˆ˜áˆ½ áŒáˆ«áŠ•á‹µ áˆáˆ 3 á‰°áŠ› áá‰… á‰áŒ¥áˆ­ 329 

ğŸ—ºá‰áŒ¥áˆ­ 2 :- áŒ€áˆ 1 áŠ¨áˆˆáˆ‹ áˆ…áŠ•áƒ áŒáˆ«á‹áŠ•á‹µ áˆˆá‹­ G07 

âŒâŒ áˆ›áˆ³áˆ°á‰¥á‹«: áˆ±á‰ƒá‰½áŠ• áˆ²áˆ˜áŒ¡ á‰µáŠ­áŠ­áˆˆáŠ› á‹¨áŠ› áˆ±á‰… áˆ˜áˆ†áŠ‘ á‹«áˆ¨áŒ‹áŒáŒ¡Â  á‹¨áˆ«áˆ³á‰½áŠ• áˆáŒ áˆ˜áŠ–áˆ©áŠ• áŠ¥áŠ“ 329 / G07 áˆ˜áˆ†áŠ‘ á‹«áˆ¨áŒ‹áŒáŒ¡ !

áˆµáˆáŠ­:
ğŸ“± 0946966440
ğŸ“± 0992606060
ğŸ“± 0905464599",@qnashcom
2025-05-02 14:07:47+00:00,,"ğŸ“£ğŸ”¥ High Pressure Car Washing Spray Gun
Â Â Â Â Â  â˜„ï¸ High Quality 

ğŸ“ŒColorï¼šBlack
ğŸ“ŒMaterial: Aluminum alloy, copper

âš¡ï¸Quick connect and Easy operation
âš¡ï¸IncludedÂ  3 sets Connectors 
âš¡ï¸High Pressure Sprayer
âš¡ï¸360Â° Rotation Nozzle 
âš¡ï¸Portable & Light-Weight
âš¡ï¸Adjustable Water Models
âš¡ï¸Leak-Free

âš¡ï¸Suitable for car washing,watering flowers,cleaning glass,floors etc

Â Â Â Â Â Â Â Â Â Â Â Â  ğŸ’²á‹‹áŒ‹á¦Â  900 á‰¥áˆ­

á‹áˆµáŠ• ááˆ¬ áŠá‹ á‹¨á‰€áˆ¨á‹ âŒâŒ
< Limited Stock ğŸ“Œ

Telegram - t.me/qnashcom
Telegram - t.me/qnashcom
ğŸ”¼áŒ¥áˆ«á‰µ âœ”ï¸ á‹‹áˆµá‰µáŠ“ ğŸ› á‰…áŠ“áˆ½

ğŸ¬ áŠ á‹µáˆ«áˆ» á¦ 
á‰áŒ¥áˆ­ 1 :- áˆ˜áŒˆáŠ“áŠ› á‹˜ááˆ˜áˆ½ áŒáˆ«áŠ•á‹µ áˆáˆ 3 á‰°áŠ› áá‰… á‰áŒ¥áˆ­ 329 

á‰áŒ¥áˆ­ 2 :- áŒ€áˆ 1 áŠ¨áˆˆáˆ‹ áˆ…áŠ•áƒ áŒáˆ«á‹áŠ•á‹µ áˆˆá‹­ G07 

âŒâŒ áˆ›áˆ³áˆ°á‰¥á‹«: áˆ±á‰ƒá‰½áŠ• áˆ²áˆ˜áŒ¡ á‰µáŠ­áŠ­áˆˆáŠ› á‹¨áŠ› áˆ±á‰… áˆ˜áˆ†áŠ‘ á‹«áˆ¨áŒ‹áŒáŒ¡Â  á‹¨áˆ«áˆ³á‰½áŠ• áˆáŒ áˆ˜áŠ–áˆ©áŠ• áŠ¥áŠ“ 329 / G07 áˆ˜áˆ†áŠ‘ á‹«áˆ¨áŒ‹áŒáŒ¡ !

áˆµáˆáŠ­:
ğŸ“±0946966440
ğŸ“±0992606060
ğŸ“±0905464599",@qnashcom
2025-05-02 06:24:13+00:00,,"ğŸ“£ğŸ”¥ High Pressure Car Washing Spray Gun
Â Â Â Â Â  â˜„ï¸ High Quality 

ğŸ“ŒColorï¼šBlack
ğŸ“ŒMaterial: Aluminum alloy, copper

âš¡ï¸Quick connect and Easy operation
âš¡ï¸IncludedÂ  3 sets Connectors 
âš¡ï¸High Pressure Sprayer
âš¡ï¸360Â° Rotation Nozzle 
âš¡ï¸Portable & Light-Weight
âš¡ï¸Adjustable Water Models
âš¡ï¸Leak-Free

âš¡ï¸Suitable for car washing,watering flowers,cleaning glass,floors etc

Â Â Â Â Â Â Â Â Â Â Â Â  ğŸ’²á‹‹áŒ‹á¦Â  900 á‰¥áˆ­

á‹áˆµáŠ• ááˆ¬ áŠá‹ á‹¨á‰€áˆ¨á‹ âŒâŒ
< Limited Stock ğŸ“Œ

Telegram - t.me/qnashcom
Telegram - t.me/qnashcom
ğŸ”¼áŒ¥áˆ«á‰µ âœ”ï¸ á‹‹áˆµá‰µáŠ“ ğŸ› á‰…áŠ“áˆ½

ğŸ¬ áŠ á‹µáˆ«áˆ» á¦ 
á‰áŒ¥áˆ­ 1 :- áˆ˜áŒˆáŠ“áŠ› á‹˜ááˆ˜áˆ½ áŒáˆ«áŠ•á‹µ áˆáˆ 3 á‰°áŠ› áá‰… á‰áŒ¥áˆ­ 329 

á‰áŒ¥áˆ­ 2 :- áŒ€áˆ 1 áŠ¨áˆˆáˆ‹ áˆ…áŠ•áƒ áŒáˆ«á‹áŠ•á‹µ áˆˆá‹­ G07 

âŒâŒ áˆ›áˆ³áˆ°á‰¥á‹«: áˆ±á‰ƒá‰½áŠ• áˆ²áˆ˜áŒ¡ á‰µáŠ­áŠ­áˆˆáŠ› á‹¨áŠ› áˆ±á‰… áˆ˜áˆ†áŠ‘ á‹«áˆ¨áŒ‹áŒáŒ¡Â  á‹¨áˆ«áˆ³á‰½áŠ• áˆáŒ áˆ˜áŠ–áˆ©áŠ• áŠ¥áŠ“ 329 / G07 áˆ˜áˆ†áŠ‘ á‹«áˆ¨áŒ‹áŒáŒ¡ !

áˆµáˆáŠ­:
ğŸ“±0946966440
ğŸ“±0992606060
ğŸ“±0905464599",@qnashcom
2025-05-01 16:26:28+00:00,,"ğŸ“£ğŸ”¥ High Pressure Car Washing Spray Gun
Â Â Â Â Â  â˜„ï¸ High Quality 

ğŸ“ŒColorï¼šBlack
ğŸ“ŒMaterial: Aluminum alloy, copper

âš¡ï¸Quick connect and Easy operation
âš¡ï¸IncludedÂ  3 sets Connectors 
âš¡ï¸High Pressure Sprayer
âš¡ï¸360Â° Rotation Nozzle 
âš¡ï¸Portable & Light-Weight
âš¡ï¸Adjustable Water Models
âš¡ï¸Leak-Free

âš¡ï¸Suitable for car washing,watering flowers,cleaning glass,floors etc

Â Â Â Â Â Â Â Â Â Â Â Â  ğŸ’²á‹‹áŒ‹á¦Â  900 á‰¥áˆ­

á‹áˆµáŠ• ááˆ¬ áŠá‹ á‹¨á‰€áˆ¨á‹ âŒâŒ
< Limited Stock ğŸ“Œ

Telegram - t.me/qnashcom
Telegram - t.me/qnashcom
ğŸ”¼áŒ¥áˆ«á‰µ âœ”ï¸ á‹‹áˆµá‰µáŠ“ ğŸ› á‰…áŠ“áˆ½

ğŸ¬ áŠ á‹µáˆ«áˆ» á¦ 
á‰áŒ¥áˆ­ 1 :- áˆ˜áŒˆáŠ“áŠ› á‹˜ááˆ˜áˆ½ áŒáˆ«áŠ•á‹µ áˆáˆ 3 á‰°áŠ› áá‰… á‰áŒ¥áˆ­ 329 

á‰áŒ¥áˆ­ 2 :- áŒ€áˆ 1 áŠ¨áˆˆáˆ‹ áˆ…áŠ•áƒ áŒáˆ«á‹áŠ•á‹µ áˆˆá‹­ G07 

âŒâŒ áˆ›áˆ³áˆ°á‰¥á‹«: áˆ±á‰ƒá‰½áŠ• áˆ²áˆ˜áŒ¡ á‰µáŠ­áŠ­áˆˆáŠ› á‹¨áŠ› áˆ±á‰… áˆ˜áˆ†áŠ‘ á‹«áˆ¨áŒ‹áŒáŒ¡Â  á‹¨áˆ«áˆ³á‰½áŠ• áˆáŒ áˆ˜áŠ–áˆ©áŠ• áŠ¥áŠ“ 329 / G07 áˆ˜áˆ†áŠ‘ á‹«áˆ¨áŒ‹áŒáŒ¡ !

áˆµáˆáŠ­:
ğŸ“±0946966440
ğŸ“±0992606060
ğŸ“±0905464599",@qnashcom
2025-05-01 13:56:05+00:00,,"ğŸ’¯ 100 Pieces Disposable Food Cover, Plastic Wrap, Stretch Food Lids, Food Containers, Kitchen Food, Sealing Bag, Kitchen Utensils

Â Â Â Â Â Â Â Â á‹‹áŒ‹ğŸ’µá¦Â 400 á‰¥áˆ­

ğŸ“£ áˆˆáˆ›á‹˜á‹ = @Orderqnash

á‹áˆµáŠ• ááˆ¬ áŠá‹ á‹¨á‰€áˆ¨á‹ âŒâŒ

Telegram - t.me/qnashcom
âš¡ï¸áŒ¥áˆ«á‰µ ğŸ”¼ á‹‹áˆµá‰µáŠ“ ğŸ› á‰…áŠ“áˆ½

ğŸ¬ áŠ á‹µáˆ«áˆ» á¦ 
ğŸ—ºá‰áŒ¥áˆ­ 1 :- áˆ˜áŒˆáŠ“áŠ› á‹˜ááˆ˜áˆ½ áŒáˆ«áŠ•á‹µ áˆáˆ 3 á‰°áŠ› áá‰… á‰áŒ¥áˆ­ 329 

ğŸ—ºá‰áŒ¥áˆ­ 2 :- áŒ€áˆ 1 áŠ¨áˆˆáˆ‹ áˆ…áŠ•áƒ áŒáˆ«á‹áŠ•á‹µ áˆˆá‹­ G07 

âŒâŒ áˆ›áˆ³áˆ°á‰¥á‹«: áˆ±á‰ƒá‰½áŠ• áˆ²áˆ˜áŒ¡ á‰µáŠ­áŠ­áˆˆáŠ› á‹¨áŠ› áˆ±á‰… áˆ˜áˆ†áŠ‘ á‹«áˆ¨áŒ‹áŒáŒ¡Â  á‹¨áˆ«áˆ³á‰½áŠ• áˆáŒ áˆ˜áŠ–áˆ©áŠ• áŠ¥áŠ“ 329 / G07 áˆ˜áˆ†áŠ‘ á‹«áˆ¨áŒ‹áŒáŒ¡ !

áˆµáˆáŠ­:
ğŸ“± 0946966440
ğŸ“± 0992606060
ğŸ“± 0905464599",@qnashcom
2025-05-01 11:35:49+00:00,,"ğŸ’¯ 100 Pieces Disposable Food Cover, Plastic Wrap, Stretch Food Lids, Food Containers, Kitchen Food, Sealing Bag, Kitchen Utensils

Â Â Â Â Â Â Â Â á‹‹áŒ‹ğŸ’µá¦Â 400 á‰¥áˆ­

ğŸ“£ áˆˆáˆ›á‹˜á‹ = @Orderqnash

á‹áˆµáŠ• ááˆ¬ áŠá‹ á‹¨á‰€áˆ¨á‹ âŒâŒ

Telegram - t.me/qnashcom
âš¡ï¸áŒ¥áˆ«á‰µ ğŸ”¼ á‹‹áˆµá‰µáŠ“ ğŸ› á‰…áŠ“áˆ½

ğŸ¬ áŠ á‹µáˆ«áˆ» á¦ 
ğŸ—ºá‰áŒ¥áˆ­ 1 :- áˆ˜áŒˆáŠ“áŠ› á‹˜ááˆ˜áˆ½ áŒáˆ«áŠ•á‹µ áˆáˆ 3 á‰°áŠ› áá‰… á‰áŒ¥áˆ­ 329 

ğŸ—ºá‰áŒ¥áˆ­ 2 :- áŒ€áˆ 1 áŠ¨áˆˆáˆ‹ áˆ…áŠ•áƒ áŒáˆ«á‹áŠ•á‹µ áˆˆá‹­ G07 

âŒâŒ áˆ›áˆ³áˆ°á‰¥á‹«: áˆ±á‰ƒá‰½áŠ• áˆ²áˆ˜áŒ¡ á‰µáŠ­áŠ­áˆˆáŠ› á‹¨áŠ› áˆ±á‰… áˆ˜áˆ†áŠ‘ á‹«áˆ¨áŒ‹áŒáŒ¡Â  á‹¨áˆ«áˆ³á‰½áŠ• áˆáŒ áˆ˜áŠ–áˆ©áŠ• áŠ¥áŠ“ 329 / G07 áˆ˜áˆ†áŠ‘ á‹«áˆ¨áŒ‹áŒáŒ¡ !

áˆµáˆáŠ­:
ğŸ“± 0946966440
ğŸ“± 0992606060
ğŸ“± 0905464599",@qnashcom
2025-05-01 07:22:41+00:00,,"ğŸ’¯ 100 Pieces Disposable Food Cover, Plastic Wrap, Stretch Food Lids, Food Containers, Kitchen Food, Sealing Bag, Kitchen Utensils

Â Â Â Â Â Â Â Â á‹‹áŒ‹ğŸ’µá¦Â 400 á‰¥áˆ­

ğŸ“£ áˆˆáˆ›á‹˜á‹ = @Orderqnash

á‹áˆµáŠ• ááˆ¬ áŠá‹ á‹¨á‰€áˆ¨á‹ âŒâŒ

Telegram - t.me/qnashcom
âš¡ï¸áŒ¥áˆ«á‰µ ğŸ”¼ á‹‹áˆµá‰µáŠ“ ğŸ› á‰…áŠ“áˆ½

ğŸ¬ áŠ á‹µáˆ«áˆ» á¦ 
ğŸ—ºá‰áŒ¥áˆ­ 1 :- áˆ˜áŒˆáŠ“áŠ› á‹˜ááˆ˜áˆ½ áŒáˆ«áŠ•á‹µ áˆáˆ 3 á‰°áŠ› áá‰… á‰áŒ¥áˆ­ 329 

ğŸ—ºá‰áŒ¥áˆ­ 2 :- áŒ€áˆ 1 áŠ¨áˆˆáˆ‹ áˆ…áŠ•áƒ áŒáˆ«á‹áŠ•á‹µ áˆˆá‹­ G07 

âŒâŒ áˆ›áˆ³áˆ°á‰¥á‹«: áˆ±á‰ƒá‰½áŠ• áˆ²áˆ˜áŒ¡ á‰µáŠ­áŠ­áˆˆáŠ› á‹¨áŠ› áˆ±á‰… áˆ˜áˆ†áŠ‘ á‹«áˆ¨áŒ‹áŒáŒ¡Â  á‹¨áˆ«áˆ³á‰½áŠ• áˆáŒ áˆ˜áŠ–áˆ©áŠ• áŠ¥áŠ“ 329 / G07 áˆ˜áˆ†áŠ‘ á‹«áˆ¨áŒ‹áŒáŒ¡ !

áˆµáˆáŠ­:
ğŸ“± 0946966440
ğŸ“± 0992606060
ğŸ“± 0905464599",@qnashcom
2025-04-30 15:11:09+00:00,,"ğŸ¥›ğŸ¥›Sokany Cartoon Cookie Maker ğŸ áŠ áŠáˆµá‰°áŠ› á‹¨áŠ©áŠªáˆµ áˆ˜áˆµáˆªá‹«

ğŸáˆˆáˆáŒ† áˆˆá‰áˆ­áˆµ áˆˆáˆáˆ³ á‹•á‰ƒ 

ğŸª Non-stick Coating 
ğŸª Heat Rresistance 
ğŸª Easy To Clean 
ğŸª LED Lamp
ğŸª 550 W Power 
ğŸª Double Side Heating

ğŸ’µ2700 á‰¥áˆ­

ğŸ“£ áˆˆáˆ›á‹˜á‹ = @Orderqnash

Telegram - t.me/qnashcom ğŸ‘‰

â˜„ï¸áŒ¥áˆ«á‰µ âœ”ï¸ á‹‹áˆµá‰µáŠ“ ğŸ› á‰…áŠ“áˆ½

ğŸ¬ áŠ á‹µáˆ«áˆ» á¦ 
á‰áŒ¥áˆ­ 1 :- áˆ˜áŒˆáŠ“áŠ› á‹˜ááˆ˜áˆ½ áŒáˆ«áŠ•á‹µ áˆáˆ 3 á‰°áŠ› áá‰… á‰áŒ¥áˆ­ 329 

á‰áŒ¥áˆ­ 2 :- áŒ€áˆ 1 áŠ¨áˆˆáˆ‹ áˆ…áŠ•áƒ áŒáˆ«á‹áŠ•á‹µ áˆˆá‹­ G07 

âŒâŒ áˆ›áˆ³áˆ°á‰¥á‹«: áˆ±á‰ƒá‰½áŠ• áˆ²áˆ˜áŒ¡ á‰µáŠ­áŠ­áˆˆáŠ› á‹¨áŠ› áˆ±á‰… áˆ˜áˆ†áŠ‘ á‹«áˆ¨áŒ‹áŒáŒ¡Â  á‹¨áˆ«áˆ³á‰½áŠ• áˆáŒ áˆ˜áŠ–áˆ©áŠ• áŠ¥áŠ“ 329 / G07 áˆ˜áˆ†áŠ‘ á‹«áˆ¨áŒ‹áŒáŒ¡ !

áˆµáˆáŠ­:
ğŸ“±0946966440
ğŸ“±0992606060
ğŸ“±0905464599",@qnashcom
2025-04-30 07:18:57+00:00,,"ğŸ“ŒğŸ”¥ğŸ¦µKnee Pain Relief Patch 

ğŸ¦µSpecifically designed for maximum absorption into the knee so you can feel relieved instantly. 
ğŸ¦µ Provides direct relief to anyÂ  affected area of the knee and without the side effects of regular medications 
ğŸ¦µ Made from Chinese roots and herbs 
ğŸ¦µ Has 10 medicatedÂ patches in one pack
Â Â Â Â Â Â Â Â Â Â 
Â Â Â Â Â Â Â Â Â  Â Â  ğŸ’²450 á‰¥áˆ­

á‹áˆµáŠ• ááˆ¬ áŠá‹ á‹¨á‰€áˆ¨á‹ âŒâŒÂ Â Â Â Â Â Â Â Â Â Â 

Telegram - t.me/qnashcom ğŸ‘‰

â˜„ï¸áŒ¥áˆ«á‰µ âœ”ï¸ á‹‹áˆµá‰µáŠ“ ğŸ› á‰…áŠ“áˆ½

ğŸ“áŠ á‹µáˆ«áˆ» á¦ 
ğŸ—ºá‰áŒ¥áˆ­ 1 :- áˆ˜áŒˆáŠ“áŠ› á‹˜ááˆ˜áˆ½ áŒáˆ«áŠ•á‹µ áˆáˆ 3 á‰°áŠ› áá‰… á‰áŒ¥áˆ­ 329 

ğŸ—ºá‰áŒ¥áˆ­ 2 :- áŒ€áˆ 1 áŠ¨áˆˆáˆ‹ áˆ…áŠ•áƒ áŒáˆ«á‹áŠ•á‹µ áˆˆá‹­ G07 

âŒâŒ áˆ›áˆ³áˆ°á‰¥á‹«: áˆ±á‰ƒá‰½áŠ• áˆ²áˆ˜áŒ¡ á‰µáŠ­áŠ­áˆˆáŠ› á‹¨áŠ› áˆ±á‰… áˆ˜áˆ†áŠ‘ á‹«áˆ¨áŒ‹áŒáŒ¡Â  á‹¨áˆ«áˆ³á‰½áŠ• áˆáŒ áˆ˜áŠ–áˆ©áŠ• áŠ¥áŠ“ 329 / G07 áˆ˜áˆ†áŠ‘ á‹«áˆ¨áŒ‹áŒáŒ¡ !

áˆµáˆáŠ­:
ğŸ“±0946966440
ğŸ“±0992606060
ğŸ“±0905464599",@qnashcom
2025-04-29 15:11:02+00:00,,"ğŸ“ŒğŸ”¥ğŸ¦µKnee Pain Relief Patch 

ğŸ¦µSpecifically designed for maximum absorption into the knee so you can feel relieved instantly. 
ğŸ¦µ Provides direct relief to anyÂ  affected area of the knee and without the side effects of regular medications 
ğŸ¦µ Made from Chinese roots and herbs 
ğŸ¦µ Has 10 medicatedÂ patches in one pack
Â Â Â Â Â Â Â Â Â Â 
Â Â Â Â Â Â Â Â Â  Â Â  ğŸ’²450 á‰¥áˆ­

á‹áˆµáŠ• ááˆ¬ áŠá‹ á‹¨á‰€áˆ¨á‹ âŒâŒÂ Â Â Â Â Â Â Â Â Â Â 

Telegram - t.me/qnashcom ğŸ‘‰

â˜„ï¸áŒ¥áˆ«á‰µ âœ”ï¸ á‹‹áˆµá‰µáŠ“ ğŸ› á‰…áŠ“áˆ½

ğŸ“áŠ á‹µáˆ«áˆ» á¦ 
ğŸ—ºá‰áŒ¥áˆ­ 1 :- áˆ˜áŒˆáŠ“áŠ› á‹˜ááˆ˜áˆ½ áŒáˆ«áŠ•á‹µ áˆáˆ 3 á‰°áŠ› áá‰… á‰áŒ¥áˆ­ 329 

ğŸ—ºá‰áŒ¥áˆ­ 2 :- áŒ€áˆ 1 áŠ¨áˆˆáˆ‹ áˆ…áŠ•áƒ áŒáˆ«á‹áŠ•á‹µ áˆˆá‹­ G07 

âŒâŒ áˆ›áˆ³áˆ°á‰¥á‹«: áˆ±á‰ƒá‰½áŠ• áˆ²áˆ˜áŒ¡ á‰µáŠ­áŠ­áˆˆáŠ› á‹¨áŠ› áˆ±á‰… áˆ˜áˆ†áŠ‘ á‹«áˆ¨áŒ‹áŒáŒ¡Â  á‹¨áˆ«áˆ³á‰½áŠ• áˆáŒ áˆ˜áŠ–áˆ©áŠ• áŠ¥áŠ“ 329 / G07 áˆ˜áˆ†áŠ‘ á‹«áˆ¨áŒ‹áŒáŒ¡ !

áˆµáˆáŠ­:
ğŸ“±0946966440
ğŸ“±0992606060
ğŸ“±0905464599",@qnashcom
2025-04-29 13:22:12+00:00,,"ğŸ”¥ğŸ§³ Foldable High Capacity Travel BagsÂ  

ğŸ§³Lightweight Travel Carry Bag 
ğŸ§³24â€ High Capacity
ğŸ§³Water-resistant multiple pockets 
ğŸ§³Multifunctional Sports Travel Bags

âœ”ï¸ It is portable with multiple ways to carry, handheld, shoulder-on, or put on luggage. The perfect carry-on compliant bag for airline travel, saving your carry-on charges

Â Â Â Â Â Â Â Â Â Â Â Â Â Â ğŸ’² á‹‹áŒ‹á¦ 1400 á‰¥áˆ­

ğŸ“£ áˆˆáˆ›á‹˜á‹ = @Orderqnash

á‹áˆµáŠ• ááˆ¬ áŠá‹ á‹¨á‰€áˆ¨á‹ âŒâŒ
< Limited Stock ğŸ“Œ

Telegram - t.me/qnashcom
Telegram - t.me/qnashcom
ğŸ”¼áŒ¥áˆ«á‰µ âœ”ï¸ á‹‹áˆµá‰µáŠ“ ğŸ›á‰…áŠ“áˆ½

ğŸ¬ áŠ á‹µáˆ«áˆ» á¦ 
ğŸ—ºá‰áŒ¥áˆ­ 1 :- áˆ˜áŒˆáŠ“áŠ› á‹˜ááˆ˜áˆ½ áŒáˆ«áŠ•á‹µ áˆáˆ 3 á‰°áŠ› áá‰… á‰áŒ¥áˆ­ 329 

ğŸ—ºá‰áŒ¥áˆ­ 2 :- áŒ€áˆ 1 áŠ¨áˆˆáˆ‹ áˆ…áŠ•áƒ áŒáˆ«á‹áŠ•á‹µ áˆˆá‹­ G07 

âŒâŒ áˆ›áˆ³áˆ°á‰¥á‹«: áˆ±á‰ƒá‰½áŠ• áˆ²áˆ˜áŒ¡ á‰µáŠ­áŠ­áˆˆáŠ› á‹¨áŠ› áˆ±á‰… áˆ˜áˆ†áŠ‘ á‹«áˆ¨áŒ‹áŒáŒ¡Â  á‹¨áˆ«áˆ³á‰½áŠ• áˆáŒ áˆ˜áŠ–áˆ©áŠ• áŠ¥áŠ“ 329 / G07 áˆ˜áˆ†áŠ‘ á‹«áˆ¨áŒ‹áŒáŒ¡ !

áˆµáˆáŠ­:
ğŸ“±0946966440
ğŸ“±0992606060
ğŸ“±0905464599",@qnashcom
2025-04-29 06:14:37+00:00,,"ğŸ”¥ğŸ§³ Foldable High Capacity Travel BagsÂ  

ğŸ§³Lightweight Travel Carry Bag 
ğŸ§³24â€ High Capacity
ğŸ§³Water-resistant multiple pockets 
ğŸ§³Multifunctional Sports Travel Bags

âœ”ï¸ It is portable with multiple ways to carry, handheld, shoulder-on, or put on luggage. The perfect carry-on compliant bag for airline travel, saving your carry-on charges

Â Â Â Â Â Â Â Â Â Â Â Â Â Â ğŸ’² á‹‹áŒ‹á¦ 1400 á‰¥áˆ­

ğŸ“£ áˆˆáˆ›á‹˜á‹ = @Orderqnash

á‹áˆµáŠ• ááˆ¬ áŠá‹ á‹¨á‰€áˆ¨á‹ âŒâŒ
< Limited Stock ğŸ“Œ

Telegram - t.me/qnashcom
Telegram - t.me/qnashcom
ğŸ”¼áŒ¥áˆ«á‰µ âœ”ï¸ á‹‹áˆµá‰µáŠ“ ğŸ›á‰…áŠ“áˆ½

ğŸ¬ áŠ á‹µáˆ«áˆ» á¦ 
ğŸ—ºá‰áŒ¥áˆ­ 1 :- áˆ˜áŒˆáŠ“áŠ› á‹˜ááˆ˜áˆ½ áŒáˆ«áŠ•á‹µ áˆáˆ 3 á‰°áŠ› áá‰… á‰áŒ¥áˆ­ 329 

ğŸ—ºá‰áŒ¥áˆ­ 2 :- áŒ€áˆ 1 áŠ¨áˆˆáˆ‹ áˆ…áŠ•áƒ áŒáˆ«á‹áŠ•á‹µ áˆˆá‹­ G07 

âŒâŒ áˆ›áˆ³áˆ°á‰¥á‹«: áˆ±á‰ƒá‰½áŠ• áˆ²áˆ˜áŒ¡ á‰µáŠ­áŠ­áˆˆáŠ› á‹¨áŠ› áˆ±á‰… áˆ˜áˆ†áŠ‘ á‹«áˆ¨áŒ‹áŒáŒ¡Â  á‹¨áˆ«áˆ³á‰½áŠ• áˆáŒ áˆ˜áŠ–áˆ©áŠ• áŠ¥áŠ“ 329 / G07 áˆ˜áˆ†áŠ‘ á‹«áˆ¨áŒ‹áŒáŒ¡ !

áˆµáˆáŠ­:
ğŸ“±0946966440
ğŸ“±0992606060
ğŸ“±0905464599",@qnashcom
2025-04-28 18:03:28+00:00,,"âœ”ï¸ Stainless Steel Vacuum Flask

â¡ï¸ Material: Stainless steel
â¡ï¸ Insulation performance: 6-12 hours
â¡ï¸ Capacity: about 500ML
â¡ï¸ Size: as shown

â˜„ï¸Package_includes:
1*Stainless steel vacuum flask
2*Share water cup

Â Â Â Â Â Â Â Â  ğŸ’² á‹‹áŒ‹á¦ 1,400 á‰¥áˆ­

ğŸ“£ áˆˆáˆ›á‹˜á‹ = @Orderqnash

á‹áˆµáŠ• ááˆ¬ áŠá‹ á‹¨á‰€áˆ¨á‹ âŒâŒ
< Limited Stock ğŸ“Œ

Telegram - t.me/qnashcom
Telegram - t.me/qnashcom
ğŸ”¼áŒ¥áˆ«á‰µ âœ”ï¸á‹‹áˆµá‰µáŠ“ ğŸ› á‰…áŠ“áˆ½

ğŸ¬ áŠ á‹µáˆ«áˆ» á¦ 
á‰áŒ¥áˆ­ 1 :- áˆ˜áŒˆáŠ“áŠ› á‹˜ááˆ˜áˆ½ áŒáˆ«áŠ•á‹µ áˆáˆ 3 á‰°áŠ› áá‰… á‰áŒ¥áˆ­ 329 

á‰áŒ¥áˆ­ 2 :- áŒ€áˆ 1 áŠ¨áˆˆáˆ‹ áˆ…áŠ•áƒ áŒáˆ«á‹áŠ•á‹µ áˆˆá‹­ G07 

âŒâŒ áˆ›áˆ³áˆ°á‰¥á‹«: áˆ±á‰ƒá‰½áŠ• áˆ²áˆ˜áŒ¡ á‰µáŠ­áŠ­áˆˆáŠ› á‹¨áŠ› áˆ±á‰… áˆ˜áˆ†áŠ‘ á‹«áˆ¨áŒ‹áŒáŒ¡Â  á‹¨áˆ«áˆ³á‰½áŠ• áˆáŒ áˆ˜áŠ–áˆ©áŠ• áŠ¥áŠ“ 329 / G07 áˆ˜áˆ†áŠ‘ á‹«áˆ¨áŒ‹áŒáŒ¡ !

áˆµáˆáŠ­:
ğŸ“±0946966440
ğŸ“±0992606060
ğŸ“±0905464599",@qnashcom
